bene,well
avvenimento,happening
fa,does
freddo,cool
un,a
servizio, struttura
condanna, frase
sorriso, sorridere
falso,FALSE
abbandono,abandon
aba,aba
capacità ,ability
capace,able
aborto,abortion
a bordo,aboard
di,about
sopra,above
all'estero,abroad
assenza,absence
addominali,abs
abroard,abroard
assoluto,absolute
assolutamente,absolutely
assorbire,absorb
abuso,abuse
astratto,abstract
abbondantemente,abundantly
accademico,academic
accettare,accept
accesso,access
incidente,accident
accompagnare,accompany
accompagnati,accompanied
realizzare,accomplish
secondo,according
account,account
di conseguenza,accordingly
preciso,accurate
accusare,accuse
raggiungere,achieve
asso,ace
avvezzo,accustomed
realizzazione,achievement
acido,acid
riconoscere,acknowledge
acquisire,acquire
attraverso,across
atto,act
acrying,acrying
azione,action
attivo,active
attivista,activist
attività ,activity
attore,actor
attrice,actress
effettivo,actual
in realtà ,actually
anno domini,ad
adattare,adapt
inserisci,add
aggiunta,addition
addizionale,additional
indirizzo,address
adeguato,adequate
aggiunge,adds
regolare,adjust
registrazione,adjustment
amministrazione,administration
amministratore,administrator
ammirare,admire
ammissione,admission
ammirata,admired
ammettere,admit
adolescente,adolescent
adottare,adopt
adulto,adult
adozione,adoption
adornare,adorn
progredire,advance
avanzate,advanced
vantaggio,advantage
avventura,adventure
pubblicità ,advertising
consigli,advice
consigliare,advise
consigliere,adviser
consigliato,advised
avvocato,advocate
affare,affair
influenzare,affect
permettersi,afford
influenzato,affected
impaurito,afraid
svolazzante,aflutter
africano,african
afroamericano,african-american
dopo,after
a poppa,aft
pomeriggio,afternoon
ancora,again
in seguito,afterwards
contro,against
età ,age
agenzia,agency
ordine del giorno,agenda
agente,agent
aggressivo,aggressive
essere d'accordo,agree
accordo,agreement
agricolo,agricultural
ah,ah
avanti,ahead
aiuto,aid
aiutante di campo,aide
aids,aids
scopo,aim
aria,air
aereo,aircraft
linea aerea,airline
aeroporto,airport
album,album
ahimè,alas
arioso,airy
alaughing,alaughing
alcool,alcohol
vivo,alive
ale,ale
alighted,alighted
tutti,all
alleanza,alliance
permettere,allow
alleato,ally
consente,allows
quasi,almost
solo,alone
in alto,aloft
lungo,along
già ,already
a voce alta,aloud
anche,also
alterare,alter
altare,altar
alternativa,alternative
sebbene,although
sempre,always
del tutto,altogether
sono,am
stupefacente,amazing
americano,american
ammenda,amends
ambasciatore,ambassador
ambra,amber
tra,among
quantità ,amount
analisi,analysis
amp,amp
analista,analyst
analizzare,analyze
antico,ancient
e,and
rabbia,anger
angolo,angle
arrabbiato,angry
animale,animal
anniversario,anniversary
animali,animals
annunciare,announce
annuale,annual
annunciato,announced
un altro,another
risposta,answer
anticipare,anticipate
formica,ant
risponde,answered
ansia,anxiety
anticipato,anticipated
qualunque,any
ansioso,anxious
nessuno,anybody
più,anymore
chiunque,anyone
nulla,anything
comunque,anyway
in qualunque posto,anywhere
a parte,apart
appartamento,apartment
apparente,apparent
scimmia,ape
abbigliamento,apparel
apparentemente,apparently
appello,appeal
apparire,appear
aspetto,appearance
mela,apple
placato,appeased
apparenze,appearances
apparso,appeared
appetito,appetite
applaudito,applauded
applicazione,application
applicare,apply
nominare,appoint
appuntamento,appointment
apprezzare,appreciate
approccio,approach
adeguata,appropriate
si avvicina,approaching
approvazione,approval
approvare,approve
circa,approximately
arabo,arab
grembiule,apron
architetto,architect
arco,arc
la zona,area
siamo,are
discutere,argue
arent,arent
discussione,argument
sorgere,arise
braccio,arm
armato,armed
esercito,army
braccia,arms
in giro,around
sorsero,arose
organizzare,arrange
preparativi,arrangement
arresto,arrest
schieramento,array
arrivo,arrival
arte,art
arrivato,arrived
articolo,article
artista,artist
artistico,artistic
come,as
asiatico,asian
cenere,ash
accertare,ascertain
asceso,ascended
a terra,ashore
chiedere,ask
addormentato,asleep
chiesto,asked
chiede,asks
assalto,assault
affermare,assert
valutare,assess
valutazione,assessment
assegnare,assign
assegnazione,assignment
assistere,assist
assistenza,assistance
assistente,assistant
socio,associate
associazione,association
assumere,assume
assunzione,assumption
assunto,assumed
assicurare,assure
a,at
stupore,astonishment
in agitazione,astir
atleta,athlete
aterosclerosi,atherosclerosis
mangiò,ate
atletico,athletic
atmosfera,atmosphere
allegare,attach
atomico,atomic
atomi,atoms
attacco,attack
tentativo,attempt
attenzione,attention
atteggiamento,attitude
attentamente,attentively
abbigliato,attired
procuratore,attorney
attirare,attract
attraente,attractive
attributo,attribute
pubblico,audience
autore,author
autorità ,authority
auto,auto
a disposizione,available
media,average
ave,ave
viale,avenue
evitare,avoid
premio,award
atteso,awaited
consapevole,aware
consapevolezza,awareness
lontano,away
terribile,awful
soggezione,awe
eccezionale,awesome
bambino,baby
ascia,axe
awoke,awoke
scomodo,awkward
storto,awry
ay,ay
indietro,back
sfondo,background
male,bad
borsa,bag
infornare,bake
equilibrio,balance
bakingday,bakingday
palla,ball
balcone,balcony
bandire,ban
sala da ballo,ballroom
balsamo,balm
gruppo musicale,band
banca,bank
bar,bar
beffa,banter
banner,banners
appena,barely
spoglio,bare
barile,barrel
abbaiò,barked
barriera,barrier
base,base
barre,bars
baseball,baseball
di base,basic
fondamentalmente,basically
cestino,basket
bacino,basin
pallacanestro,basketball
bagno,bathroom
bagni,bathes
batteria,battery
battaglia,battle
essere,be
baionette,bayonets
spiaggia,beach
fagiolo,bean
travi,beams
orso,bear
battere,beat
barba,beard
bellissimo,beautiful
beautifier,beautifier
bellezze,beauties
bellezza,beauty
perché,because
divenne,became
bonaccia,becalmed
diventare,become
letto,bed
diventando,becoming
diventa,becomes
camera da letto,bedroom
bedaubed,bedaubed
birra,beer
di andare a dormire,bedtime
letti,beds
prima,before
inizio,begin
iniziato,began
elemosinare,beg
comportamento,behavior
dietro a,behind
contemplato,beheld
credenza,belief
esseri,beings
credere,believe
campana,bell
appartenere,belong
pancia,belly
campane,bells
pance,bellies
sotto,below
appartiene,belongs
cintura,belt
panchina,bench
piegare,bend
beneficiare,benefit
accanto,beside
assalire,beset
bergs,bergs
inoltre,besides
migliore,best
scommessa,bet
meglio,better
tradire,betray
fra,between
al di là ,beyond
bibbia,bible
grande,big
bicicletta,bike
conto,bill
miliardo,billion
legare,bind
biologico,biological
uccello,bird
nascita,birth
uccelli,birds
compleanno,birthday
po,bit
vescovo,bishop
mordere,bite
nero,black
amaro,bitter
lama,blade
colpa,blame
lame,blades
coperta,blanket
cieco,blind
soffiò,blew
sanguinato,bled
benedetto,blessed
bloccare,block
beatitudine,bliss
sangue,blood
soffio,blow
blu,blue
soffiando,blowing
colpi,blows
tavola,board
arrossendo,blushing
barca,boat
corpo,body
corpi,bodies
bomba,bomb
boldening,boldening
grassetto,bold
bollito,boiled
bollire,boil
audace,boldest
bombardamento,bombing
legame,bond
osso,bone
libro,book
ossatura,bones
boom,boom
avvio,boot
tuonò,boomed
confine,border
nato,born
foro,bore
prendere in prestito,borrow
borne,borne
capo,boss
tutti e due,both
preoccuparsi,bother
bottiglia,bottle
parte inferiore,bottom
ciotola,bowl
fondelli,bottoms
rimbalzare,bouncing
scatola,box
ragazzo,boy
fidanzato,boyfriend
cervello,brain
ramo,branch
marca,brand
rami,branches
pane,bread
rompere,break
prima colazione,breakfast
seno,breast
pause,breaks
respiro,breath
petto,breasted
respirare,breathe
mattone,brick
brezza,breeze
infuso,brew
brezze,breezes
ponte,bridge
sposa,bride
sposo,bridegroom
spose,brides
breve,brief
brevemente,briefly
luminosa,bright
brillante,brilliant
brillantemente,brightly
portare,bring
zolfo,brimstone
britannico,british
portando,bringing
ampio,broad
rotto,broken
fratello,brother
marrone,brown
portato,brought
spazzola,brush
secchio,buck
spazzole,brushes
spazzolato,brushed
bolla,bubble
bolle,bubbles
bilancio,budget
costruire,build
sballottato,buffeted
costruzione,building
proiettile,bullet
costruito,built
mazzo,bunch
baluardi,bulwarks
fardello,burden
bruciare,burn
seppellire,bury
scoppiare,burst
ardente,burning
bruciato,burned
autobus,bus
attività  commerciale,business
diede da fare,busied
attivamente,busily
occupato,busy
ma,but
burro,butter
pulsante,button
acquistare,buy
asole,buttonholes
acquirente,buyer
cabina,cabin
consiglio dei ministri,cabinet
cavo,cable
torta,cake
schiamazzando,cackling
calcolare,calculate
torte,cakes
chiamata,call
calderone,caldron
telecamera,camera
chiamato,called
è venuto,came
calma,calm
calice,calyx
campo,camp
campagna,campaign
città  universitaria,campus
può,can
canadese,canadian
cancro,cancer
canarino,canary
candidato,candidate
berretto,cap
non può,cannot
cannone,cannon
baldacchino,canopy
tela,canvas
gergo,cant
capitale,capital
capitano,captain
catturare,capture
affascinare,captivate
carbonio,carbon
carta,card
cura,care
carte,cards
carriera,career
attento,careful
accuratamente,carefully
vettore,carrier
trasportato,carried
carrozze,carriages
trasportare,carry
astuccio,case
lavorato,carved
contanti,cash
lanciare,cast
gatto,cat
categoria,category
cattolico,catholic
causa,cause
catturato,caught
soffitto,ceiling
cessato,ceased
causato,caused
celebrare,celebrate
celebrazione,celebration
celebrità ,celebrity
cellula,cell
centro,center
incensieri,censers
centrale,central
secolo,century
amministratore delegato,ceo
cerimonia,ceremony
cerimonie,ceremonies
certo,certain
certamente,certainly
catena,chain
sedia,chair
presidente,chairman
sfida,challenge
camera,chamber
campione,champion
campionato,championship
opportunità ,chance
modificare,change
mutevole,changing
i cambiamenti,changes
canale,channel
capitolo,chapter
personaggio,character
caratteristica,characteristic
caratterizzare,characterize
carica,charge
carità ,charity
grafico,chart
carlotta,charlotte
affascinante,charming
ammaliato,charmed
inseguire,chase
a buon mercato,cheap
vibrazione,chatter
dai un'occhiata,check
guancia,cheek
formaggio,cheese
guance,cheeks
allietato,cheered
capocuoco,chef
chimico,chemical
il petto,chest
pollo,chicken
cassapanche,chests
chickabiddies,chickabiddies
infanzia,childhood
cinese,chinese
chimneycorner,chimneycorner
chimed,chimed
patata fritta,chip
cioccolato,chocolate
scelta,choice
colesterolo,cholesterol
scegliere,choose
cristiano,christian
la scelta,choosing
natale,christmas
chiesa,church
sigaretta,cigarette
cerchio,circle
cinderwench,cinderwench
cenerentola,cinderella
cenerentole,cinderellas
circostanza,circumstance
citare,cite
cittadino,citizen
città ,city
cedri,citrons
civile,civil
richiesta,claim
cortesie,civilities
rivestito,clad
classe,class
clamore,clamor
giunte,clasped
classico,classic
aula,classroom
pulito,clean
argilla,clay
chiaro,clear
pulizia,cleanliness
chiaramente,clearly
più chiara,clearest
radura,clearing
cliente,client
intelligente,clever
spaccati,cleaved
scinde,cleaves
clima,climate
scogliere,cliffs
scalata,climb
clinica,clinic
scalato,climbed
clinico,clinical
orologio,clock
vicino,close
strettamente,closely
più vicino,closer
abiti,clothes
stoffa,cloth
chiusura,closing
vestita,clothed
capi di abbigliamento,clothing
nube,cloud
club,club
cloudlike,cloudlike
nuvole,clouds
traccia,clue
grappolo,cluster
clung,clung
allenatore,coach
frizioni,clutches
carbone,coal
cocchiere,coachman
coalizione,coalition
coalblack,coalblack
costa,coast
cappotto,coat
codice,code
ragnatela,cobweb
caffè,coffee
conoscitivo,cognitive
crollo,collapse
collega,colleague
collassata,collapsed
raccogliere,collect
collezione,collection
collettivo,collective
università ,college
coloniale,colonial
colore,color
colonna,column
colori,colours
combinazione,combination
colonne,columns
combinare,combine
venire,come
commedia,comedy
comfort,comfort
viene,comes
confortevole,comfortable
comando,command
venuta,coming
comandante,commander
comandato,commanded
commento,comment
commerciale,commercial
commissione,commission
commettere,commit
impegno,commitment
comitato,committee
comune,common
comunicare,communicate
comunemente,commonly
comunicazione,communication
comunità ,community
azienda,company
confrontare,compare
confronto,comparison
competere,compete
concorrenza,competition
competitivo,competitive
concorrente,competitor
lamentarsi,complain
denuncia,complaint
completare,complete
complemento,complement
completamente,completely
complesso,complex
complicato,complicated
componente,component
complimenti,compliments
comporre,compose
composizione,composition
globale,comprehensive
composto,compound
computer,computer
concentrarsi,concentrate
concentrazione,concentration
concetto,concept
preoccupazione,concern
ha riguardato,concerned
concerto,concert
concludere,conclude
conclusione,conclusion
calcestruzzo,concrete
condizione,condition
condotta,conduct
conferenza,conference
condotto,conducted
fiducia,confidence
confessare,confess
fiducioso,confident
confermare,confirm
conflitto,conflict
affrontare,confront
confusione,confusion
confuso,confused
congresso,congress
collegare,connect
connessione,connection
coscienza,consciousness
consenso,consensus
conseguenza,consequence
prudente,conservative
tenere conto,consider
considerevole,considerable
considerazione,consideration
consistere,consist
considerando,considering
considerato,considered
coerente,consistent
costante,constant
consolazione,consolation
costantemente,constantly
costituire,constitute
costituzionale,constitutional
consulente,consultant
consumare,consume
consultato,consulted
consumatore,consumer
consumo,consumption
contatto,contact
contenere,contain
contenitore,container
contemporaneo,contemporary
contemplare,contemplate
soddisfare,content
concorso,contest
contesto,context
continua,continue
continuamente,continually
contrarre,contract
contrasto,contrast
contrario,contrary
contribuire,contribute
contributo,contribution
controllo,control
escogitare,contrive
controverso,controversial
controversia,controversy
convenzione,convention
convento,convent
convenzionale,conventional
conversazione,conversation
convertire,convert
convinzione,conviction
convincere,convince
cucinare,cook
biscotto,cookie
cucinando,cooking
cooperazione,cooperation
poliziotto,cop
far fronte,cope
copia,copy
nucleo,core
corallo,coral
mais,corn
aziendale,corporate
angoli,corners
fiordaliso,cornflower
società ,corporation
corretta,correct
corrispondente,correspondent
costo,cost
cotone,cotton
cottagedoor,cottagedoor
divano,couch
poteva,could
consiglio,council
potrei,couldi
potutop,couldst
couldnt,couldnt
contare,count
contatore,counter
contato,counted
nazione,country
paesi,countries
innumerevole,countless
contea,county
coppia,couple
coraggio,courage
corso,course
tribunale,court
cugino,cousin
cortesia,courtesy
cortesemente,courteously
cortigiani,courtiers
copertina,cover
baia,cove
copertura,coverage
mucca,cow
coperto,covered
crepa,crack
mestiere,craft
screpolato,cracked
schianto,crash
astutamente,craftily
furbo,crafty
pazzo,crazy
strisciare,crawl
crema,cream
scricchiolava,creaked
creare,create
creazione,creation
creato,created
creativo,creative
creatura,creature
credito,credit
equipaggio,crew
creste,crests
crimine,crime
gridò,cried
penale,criminal
crisi,crisis
criteri,criteria
critico,critic
critica,criticism
criticare,criticize
raccolto,crop
coccodrillo,crocodile
attraversare,cross
folla,crowd
cruciale,crucial
corona,crown
piangere,cry
schiacciare,crush
culturale,cultural
pianto,crying
cristallo,crystal
cultura,culture
tazza,cup
ingombrante,cumbersome
curioso,curious
attuale,current
arricciato,curled
attualmente,currently
programma scolastico,curriculum
costume,custom
curvo,curved
le tende,curtains
cuscini,cushions
taglio,cut
ciclo,cycle
papà ,dad
quotidiano,daily
pugnali,daggers
danno,damage
danza,dance
pericolo,danger
danzato,danced
ballerino,dancer
pericoloso,dangerous
osare,dare
dapplegray,dapplegray
buio,dark
osato,dared
dati,data
dardo,dart
dardeggiato,darted
data,date
figlia,daughter
giorno,day
figlie,daughters
morto,dead
de,de
giorni,days
alba,daybreak
commerciante,dealer
sordo,deaf
caro,dear
morte,death
a caro prezzo,dearly
debito,debt
decennio,decade
decidere,decide
decisione,decision
dichiarare,declare
addobbata,decked
declino,decline
dichiarato,declared
diminuire,decrease
decorato,decorated
decorazioni,decorations
in profondità ,deep
gesta,deeds
profondamente,deeply
più profondo,deeper
profondo blu,deepblue
cervo,deer
mare profondo,deepsea
la sconfitta,defeat
difendere,defend
imputato,defendant
difesa,defense
difensiva,defensive
disavanzo,deficit
definire,define
decisamente,definitely
definito,definite
definizione,definition
grado,degree
ritardo,delay
consegnare,deliver
contentissimo,delighted
delicato,delicate
deliberazione,deliberation
diletto,delight
delizioso,delightful
consegna,delivery
democrazia,democracy
democratico,democrat
dimostrare,demonstrate
dimostrazione,demonstration
negare,deny
dipartimento,department
dipendere,depend
dipendente,dependent
rappresentare,depict
depressione,depression
profondità ,depth
vice,deputy
derivare,derive
descrivere,describe
descrizione,description
descritta,described
deserto,desert
meritare,deserve
design,design
merita,deserves
progettista,designer
desiderio,desire
progettisti,designers
scrivania,desk
desiderato,desired
disperato,desperate
nonostante,despite
distruggere,destroy
distruzione,destruction
dettaglio,detail
dettagliato,detailed
individuare,detect
determinare,determine
sviluppare,develop
sviluppando,developing
sviluppo,development
dispositivo,device
dedicare,devote
dialogo,dialogue
divorato,devoured
divorare,devour
devoto,devoted
morire,die
diamante,diamond
non ha ancora,didnt
quadri,diamonds
dieta,diet
differire,differ
differenza,difference
diverso,different
diversamente,differently
difficile,difficult
difficoltà ,difficulty
scavare,dig
digitale,digital
dimensione,dimension
diligenza,diligence
diligentemente,diligently
offuscare,dim
cenare,dining
cena,dinner
diretto,direct
direzione,direction
direttamente,directly
direttore,director
sporco,dirt
invalidità ,disability
disaccordo,disagree
scomparire,disappear
disastro,disaster
disciplina,discipline
discorso,discourse
scoprire,discover
scoperta,discovery
scoperto,discovered
discriminazione,discrimination
malattia,disease
piatto,dish
respingere,dismiss
piatti,dishes
disturbo,disorder
display,display
distanza,distance
visualizzazione,displaying
sciogliere,dissolve
distinto,distinct
distinzione,distinction
distinguere,distinguish
distintamente,distinctly
distribuire,distribute
angoscia,distress
distribuzione,distribution
quartiere,district
diversità ,diversity
tuffo,dive
tuffato,dived
diversi,divers
dividere,divide
deviato,diverted
divisione,division
divorzio,divorce
dna,dna
fare,do
medico,doctor
documento,document
cane,dog
doesnt,doesnt
domestico,domestic
cupola,dome
delfini,dolphins
cupole,domes
dominante,dominant
dominare,dominate
porta,door
dont,dont
doppio,double
dubbio,doubt
giù,down
vedova nobile,dowager
senza dubbio,doubtless
dozzina,dozen
bozza,draft
trascinare,drag
dramma,drama
drammatico,dramatic
drammaticamente,dramatically
disegnare,draw
bevuto,drank
disegno,drawing
sognare,dream
vestito,dress
sogni,dreams
bere,drink
ha disegnato,drew
alla deriva,drifted
guidare,drive
autista,driver
far cadere,drop
droga,drug
affogato,drowned
caduto,dropped
asciutto,dry
dovuto,due
duchesse,duchesses
chinò,ducked
durante,during
muto,dumb
polvere,dust
dovere,duty
ogni,each
e-mail,e-mail
abitare,dwell
dimora,dwelling
desideroso,eager
orecchio,ear
avidamente,eagerly
presto,early
guadagnare,earn
guadagni,earnings
ardentemente,earnestly
terra,earth
orecchie,ears
alleviare,ease
facilmente,easily
est,east
orientale,eastern
facile,easy
mangiare,eat
economico,economic
mangiato,eaten
economia,economics
economista,economist
bordo,edge
edizione,edition
editore,editor
educare,educate
formazione scolastica,education
educativo,educational
educatore,educator
effetto,effect
efficace,effective
efficacemente,effectively
efficienza,efficiency
efficiente,efficient
sforzo,effort
uovo,egg
otto,eight
o,either
anziano,elderly
elaborare,elaborate
eleggere,elect
elezione,election
elettrico,electric
elettricità ,electricity
elettronico,electronic
elemento,element
elementare,elementary
eliminare,eliminate
elementi,elements
undici,eleven
elite,elite
altro,else
eloquente,eloquent
altrove,elsewhere
abbraccio,embrace
imbarazzato,embarrassed
emergere,emerge
abbracciato,embraced
emergenza,emergency
è emerso,emerged
emissione,emission
emozione,emotion
emotivo,emotional
enfasi,emphasis
imperatore,emperor
imperatori,emperors
enfatizzare,emphasize
impiegare,employ
datore di lavoro,employer
occupazione,employment
vuoto,empty
abilitare,enable
incontrare,encounter
incantare,enchant
incoraggiare,encourage
fine,end
nemico,enemy
estremità ,ends
conclusa,ended
nemici,enemies
energia,energy
rinforzo,enforcement
impegnare,engage
motore,engine
ingegnere,engineer
ingegneria,engineering
inglese,english
accrescere,enhance
godere,enjoy
enorme,enormous
abbastanza,enough
garantire,ensure
accedere,enter
impigliato,entangled
impresa,enterprise
entrato,entered
divertimento,entertainment
intero,entire
allettare,entice
interamente,entirely
entrata,entrance
iscrizione,entry
incantevole,entrancing
ambiente,environment
ambientale,environmental
episodio,episode
pari,equal
ugualmente,equally
attrezzatura,equipment
era,era
errore,error
fuga,escape
particolarmente,especially
tema,essay
essenziale,essential
essenzialmente,essentially
stabilire,establish
istituzione,establishment
tenuta,estate
stima,estimate
eccetera,etc
etica,ethics
eternità ,eternity
eterno,eternal
etereo,ethereal
etnico,ethnic
europeo,european
sera,evening
evento,event
serate,evenings
infine,eventually
mai,ever
ogni giorno,everyday
qualunque cosa,everything
ovunque,everywhere
prova,evidence
evoluzione,evolution
evolvere,evolve
esatto,exact
esattamente,exactly
visita medica,examination
esaminare,examine
esempio,example
l&#39;esame,examining
superare,exceed
eccellente,excellent
tranne,except
eccezione,exception
scambio,exchange
eccitante,exciting
esecutivo,executive
esclamò,exclaimed
esercizio,exercise
mostra,exhibit
esausto,exhausted
esposizione,exhibition
esistere,exist
esistenza,existence
esistente,existing
espandere,expand
espansione,expansion
aspettarsi,expect
aspettativa,expectation
spese,expense
previsto,expected
costoso,expensive
esperienza,experience
sperimentare,experiment
esperto,expert
spiegare,explain
spiegazione,explanation
esplodere,explode
esplorare,explore
esplosione,explosion
esporre,expose
esprimere,express
espressione,expression
estendere,extend
squisito,exquisite
estensione,extension
esteso,extensive
esterno,external
extra,extra
straordinario,extraordinary
eccezionalmente,extraordinarily
estremo,extreme
estremamente,extremely
occhio,eye
tessuto,fabric
occhi,eyes
viso,face
fatto,fact
fattore,factor
fabbrica,factory
facoltà ,faculty
dissolvenza,fade
fallire,fail
sbiadito,faded
fallimento,failure
giusto,fair
fede,faith
fata,fairy
autunno,fall
fedele,faithful
familiare,familiar
caduta,falling
famiglia,family
famoso,famous
fan,fan
fantasia,fantasy
immaginato,fancied
fantastico,fantastic
azienda agricola,farm
tariffa,fare
contadino,farmer
moda,fashion
più lontano,farther
veloce,fast
grasso,fat
più veloce,faster
allacciare,fasten
destino,fate
padre,father
favore,favor
padri,fathers
preferito,favorite
paura,fear
federale,federal
tassa,fee
alimentazione,feed
sentire,feel
sensazione,feeling
compagno,fellow
abbattere,fell
piedi,feet
femmina,female
recinto,fence
pochi,few
inverosimile,fetched
ferocemente,ferociously
meno,fewer
fibra,fiber
finzione,fiction
quindici,fifteen
i campi,fields
quinto,fifth
quindicesimo,fifteenth
cinquanta,fifty
combattimento,fight
combattente,fighter
figura,figure
file,file
riempire,fill
film,film
finale,final
finalmente,finally
finanza,finance
finanziario,financial
trova,find
dito,finger
fronzoli,finery
finire,finish
dita,fingers
fingered,fingered
fuoco,fire
pinne,fins
primo,first
fuochi d&#39;artificio,fireworks
firefish,firefish
pesce,fish
pesca,fishing
pescatori,fishermen
in forma,fit
fitness,fitness
cinque,five
attrezzato,fitted
fissare,fix
bandiera,flag
fiamma,flame
bandiere,flags
gusto,flavor
ostentato,flaunted
fiammeggiante,flaming
fiammato,flamed
fiamme,flames
lampo,flashed
fuggire,flee
fuggito,fled
carne,flesh
volo,flight
volò,flew
galleggiante,float
svolazzare,flit
pavimento,floor
gregge,flock
galleggiava,floated
flusso,flow
piani,floors
fiore,flower
scorreva,flowed
volare,fly
fiori,flowers
fluente,flowing
svolazzanti,fluttering
scagliato,flung
messa a fuoco,focus
schiuma,foam
volante,flying
popolare,folk
piegato,folded
seguire,follow
a seguire,following
seguita,followed
cibo,food
font,font
affettuoso,fond
fondest,fondest
piede,foot
scemo,fool
folle,foolish
calcio,football
per,for
valletti,footmen
vigore,force
proibito,forbidden
straniero,foreign
fronte,forehead
primo piano,foreground
costretto,forced
foresta,forest
per sempre,forever
predetto,foretold
dimenticare,forget
forgave,forgave
modulo,form
dimenticato,forgot
dimentica,forgets
biforcuta,forked
formale,formal
formazione,formation
ex,former
formato,formed
formula,formula
le forme,forms
via,forth
abbandonato,forsaken
fortuna,fortune
inoltrare,forward
trovato,found
fallo,foul
fondazione,foundation
fondatore,founder
quattro,four
fontane,fountains
fontana,fountain
trovatello,foundling
il quarto,fourth
telaio,frame
fragrante,fragrant
fragile,frail
struttura,framework
montatura,frames
gratuito,free
la libertà ,freedom
congelare,freeze
francese,french
frequenza,frequency
frequente,frequent
frequentemente,frequently
fresco,fresh
amico,friend
freschezza,freshness
amichevole,friendly
amicizia,friendship
amici,friends
a partire dal,from
spaventato,frightened
davanti,front
frutta,fruit
frustrazione,frustration
carburante,fuel
pieno,full
funzione,function
fondo,fund
fondamentale,fundamental
finanziamento,funding
funerale,funeral
divertente,funny
mobilia,furniture
arredato,furnished
futuro,future
guadagno,gain
galassia,galaxy
guadagnando,gaining
galleria,gallery
gioco,game
banda,gang
divario,gap
box auto,garage
spalancato,gaping
giardino,garden
aglio,garlic
vistoso,garish
giardini,gardens
gas,gas
soffitta,garret
indumenti,garments
cancello,gate
gay,gay
ha dato,gave
si riunirono,gathered
sguardo,gaze
ingranaggio,gear
genere,gender
gene,gene
generale,general
generalmente,generally
generazione,generation
genetico,genetic
signore,gentleman
delicatamente,gently
gentildonna,gentlewoman
gentiluomini,gentlemen
tedesco,german
gesto,gesture
ottenere,get
gesti,gestures
fantasma,ghost
prende,gets
orribile,ghastly
gigante,giant
regalo,gift
dotato,gifted
ragazza,girl
dorato,gilded
fidanzata,girlfriend
dare,give
ragazze,girls
dato,given
lieto,glad
dando,giving
occhiata,glance
volentieri,gladly
contentezza,gladness
bicchiere,glass
guanto,glove
glorioso,glorious
scintillante,glistening
intravista,glimpsed
brillare,gleam
glassdomed,glassdomed
vetri,glazing
glided,glided
scorci,glimpses
scintillavano,glittered
glorie,glories
cupo,gloomy
scintillio,glittering
gloriosamente,gloriously
partire,go
splendore,glow
obbiettivo,goal
dio,god
oro,gold
andando,going
madrina,godmother
va,goes
di dio,gods
d'oro,golden
golf,golf
goldflowered,goldflowered
governo,government
google,google
buongiorno,goodmorning
buona giornata,goodday
goodby,goodby
bontà ,goodness
avuto,got
governati,governed
governatore,governor
afferrare,grab
gradualmente,gradually
grazia,gracefully
grazioso,graceful
graziosamente,graciously
diplomato,graduate
grano,grain
nonno,grandfather
grandi di,grandees
nipoti,granddaughters
nonna,grandmother
concedere,grant
nonne,grandmothers
erba,grass
tomba,grave
erba verde,grassgreen
grigio,gray
gravemente,gravely
tombe,graves
più grande,greatest
verde,green
drogheria,grocery
greybeard,greybeard
è cresciuto,grew
griefstricken,griefstricken
gruppo,group
crescere,grow
in crescita,growing
crescita,growth
cresce,grows
garanzia,guarantee
guardia,guard
indovina,guess
guardie,guards
ospite,guest
guida,guide
orientamento,guideline
colpevole,guilty
pistola,gun
gabbiani,gulls
tipo,guy
abitudine,habit
habitat,habitat
capelli,hair
aveva,had
avevi,hadst
metà ,half
sala,hall
mano,hand
manciata,handful
maniglia,handle
appendere,hang
mani,hands
più bello,handsomer
di bell&#39;aspetto,handsome
accadere,happen
si blocca,hangs
impiccagioni,hangings
è accaduto,happened
questo,this
mio,my
uomo,man
contento,happy
happenoh,happenoh
felicemente,happily
più felice,happier
felicità ,happiness
cappello,hat
ha,has
armonia,harmony
porto,harbor
affrettò,hasted
fretta,haste
odiare,hate
avere,have
altezzoso,haughty
lui,he
avendo,having
havent,havent
titolo,headline
headclothes,headclothes
copricapi,headdresses
copricapo,headdress
quartier generale,headquarters
salute,health
teste,heads
guarigione,healing
salutare,healthy
udito,hearing
sentito,heard
cuore,heart
calore,heat
cordialmente,heartily
paradiso,heaven
pesantemente,heavily
cieli,heavens
celeste,heavenly
pesante,heavy
tacco,heel
altezza,height
elicottero,helicopter
held,held
inferno,hell
ciao,hello
utile,helpful
timone,helm
timoniere,helmsman
sua,her
qui,here
araldi,heralds
eredità ,heritage
eroe,hero
se stessa,herself
la sua,hers
hey,hey
nascondere,hide
nascosto,hid
alto,high
evidenziare,highlight
altamente,highly
autostrada,highway
collina,hill
lui stesso,himself
colline,hills
anca,hip
il suo,his
storico,historian
storia,history
colpire,hit
tenere,hold
buco,hole
detenzione,holding
detiene,holds
vacanza,holiday
santo,holy
casa,home
senza casa,homeless
onesto,honest
homepage,homepage
nostalgico,homesick
le case,homes
miele,honey
onore,honor
speranza,hope
cappuccio,hood
onorevole,honorable
cerchi,hoops
orizzonte,horizon
sperando,hoping
sperato,hoped
orrore,horror
cavallo,horse
ospedale,hospital
cavalli,horses
groppa,horseback
caldo,hot
hotel,hotel
ora,hour
alloggiamento,housing
case,houses
però,however
umano,human
html,html
umorismo,humor
centinaio,hundred
affamato,hungry
centinaia,hundreds
hundredheaded,hundredheaded
cacciatore,hunter
a caccia,hunting
marito,husband
frettoloso,hurried
scagliata,hurled
fa male,hurts
ipotesi,hypothesis
io,i
ghiaccio,ice
idea,idea
icone,icons
iceberg,icebergs
ideale,ideal
identificazione,identification
identificare,identify
identità ,identity
vale a dire,ie
idled,idled
se,if
ignorare,ignore
ignorante,ignorant
malato,ill
illegale,illegal
illustrare,illustrate
illuminante,illuminating
immagine,image
immaginazione,imagination
immaginare,imagine
immediato,immediate
subito,immediately
immigrante,immigrant
immigrazione,immigration
urto,impact
immortale,immortal
strumento,implement
imperiale,imperial
coinvolgimento,implication
implementato,implemented
implicare,imply
importanza,importance
importante,important
imporre,impose
importati,imported
impossibile,impossible
impressionare,impress
impostori,impostors
impressione,impression
impressionante,impressive
migliorare,improve
miglioramento,improvement
nel,in
incentivo,incentive
includere,include
inclinazione,inclination
compreso,including
reddito,income
incorporare,incorporate
aumentare,increase
è aumentato,increased
crescente,increasing
sempre più,increasingly
incredibile,incredible
infatti,indeed
indipendenza,independence
indipendente,independent
indice,index
indiano,indian
indicare,indicate
indicazione,indication
individuale,individual
indifferente,indifferent
industriale,industrial
industria,industry
infantile,infant
infezione,infection
inflazione,inflation
influenza,influence
far sapere,inform
informazione,information
ingrediente,ingredient
iniziale,initial
ingredienti,ingredients
inizialmente,initially
iniziativa,initiative
ferita,injury
interno,inner
intarsiato,inlaid
innocente,innocent
innocenza,innocence
inchiesta,inquiry
dentro,inside
intuizione,insight
insistere,insist
ispirare,inspire
installare,install
anziché,instead
immediatamente,instantly
istituzionale,institutional
istruzione,instruction
istruttore,instructor
assicurazione,insurance
intellettuale,intellectual
intelligenza,intelligence
avere intenzione,intend
intenso,intense
intendendo,intending
intensità ,intensity
intenzione,intention
interazione,interaction
intensamente,intently
interesse,interest
interessato,interested
interessante,interesting
internazionale,international
internet,internet
interpretare,interpret
interpretazione,interpretation
intervento,intervention
sospeso,interrupted
colloquio,interview
in,into
intimo,intimate
introdurre,introduce
introduzione,introduction
invasione,invasion
investire,invest
indagare,investigate
indagine,investigation
investigatore,investigator
investimento,investment
investitore,investor
invitare,invite
invito,invitation
invisibile,invisible
coinvolgere,involve
invitato,invited
coinvolti,involved
iracheno,iraqi
ipsum,ipsum
irlandesi,irish
ferro,iron
islamico,islamic
è,is
stirato,ironed
isola,island
israeliano,israeli
problema,issue
esso,it
italiano,italian
suo,its
si,itself
giacca,jacket
j,j
prigione,jail
giapponese,japanese
giappone,japan
jet,jet
scherno,jeer
scherzosamente,jestingly
ebreo,jew
ebraico,jewish
gioielli,jewels
aderire,join
scherzo,joke
iscritto,joined
rivista,journal
josh,josh
gioviale,jolly
giornalista,journalist
viaggio,journey
gioia,joy
giudice,judge
gioiosamente,joyously
giudizio,judgment
succo,juice
saltare,jump
junior,junior
saltato,jumped
giuria,jury
giustizia,justice
giustificare,justify
conservare,keep
chiglia,keel
chiave,key
tenuto,kept
uccidere,kill
bambini,kids
uccisore,killer
uccisione,killing
re,king
gentilmente,kindly
più gentile,kindest
uccide,kills
bacio,kiss
regno,kingdom
cucina,kitchen
baci,kissing
baciata,kissed
ginocchio,knee
zaini,knapsacks
furfanti,knaves
coltello,knife
conosceva,knew
conoscere,know
bussato,knocked
cavalierato,knighthood
coltelli,knives
nodo,knot
conoscenza,knowledge
laboratorio,lab
la,la
conosciuto,known
etichetta,label
mancanza,lack
lacci,laces
allacciato,laced
affaticato,labored
signora,lady
le signore,ladies
lago,lake
laid,laid
paesaggio,landscape
terre,lands
lampade,lamps
linguaggio,language
giro,lap
lanterne,lanterns
in gran parte,largely
scorso,last
ciglia,lashes
in ritardo,late
chiavistello,latch
durato,lasted
latino,latin
quest'ultimo,latter
ridere,laugh
legge,law
che ride,laughing
prato,lawn
posare,lay
strato,layer
condurre,lead
principale,leading
foglia,leaf
lega,league
magro,lean
imparare,learn
salto,leap
appoggiò,leaned
apprendimento,learning
pelle,leather
sinistra,left
in partenza,leaving
le foglie,leaves
guidato,led
gamba,leg
legale,legal
leggenda,legend
legislazione,legislation
legittimo,legitimate
limone,lemon
gambe,legs
lunghezza,length
prestare,lend
di meno,less
prestato,lent
lezione,lesson
lettera,letter
lascia,lets
livello,level
locazione,letting
argine,levee
liberale,liberal
biblioteca,library
licenza,license
menzogna,lie
vita,life
stile di vita,lifestyle
realistico,lifelike
per tutta la vita,lifelong
tutta la vita,lifetime
sollevamento,lift
luce,light
piace,like
luci,lights
fulmine,lightning
illuminato,lighted
probabile,likely
è piaciuto,liked
limite,limit
gigli,lilies
limitazione,limitation
limitato,limited
linea,line
collegamento,link
biancheria,linen
foderato,lined
labbro,lip
link,links
elenco,list
ascolta,listen
elencato,listed
letteralmente,literally
ascoltato,listened
letterario,literary
letteratura,literature
poco,little
vivere,live
vivente,living
vissuto,lived
livree,liveries
vivace,lively
vite,lives
caricare,load
lucertole,lizards
prestito,loan
locale,local
posizione,location
serratura,lock
lungo termine,long-term
alloggi,lodgings
serrature,locks
elevato,lofty
guarda,look
più a lungo,longer
sospirata,longed
sciolto,loose
guardato,looked
lookingglasses,lookingglasses
lookingglass,lookingglass
telai,looms
sembra,looks
perdere,lose
lorem,lorem
signori,lords
perdita,loss
perso,lost
lotto,lot
molte,lots
forte,loud
amore,love
bello,lovely
amato,loved
amante,lover
basso,low
gli amori,loves
inferiore,lower
fortunato,lucky
abbassamento,lowering
lealtà ,loyalty
pranzo,lunch
polmone,lung
macchina,machine
dire bugie,lying
lussuoso,luxurious
posta,mail
madam,madams
magnificamente,magnificently
magnifico,magnificent
cameriere,maids
domestica,maid
nubile,maiden
principalmente,mainly
mantenere,maintain
albero maestro,mainmast
manutenzione,maintenance
maggiore,major
maestà ,majesty
majestys,majestys
maggioranza,majority
rendere,make
creatore,maker
trucco,makeup
maschio,male
fabbricazione,making
centro commerciale,mall
gestire,manage
gestione,management
manager,manager
maniera,manner
umanità ,mankind
mankinds,mankinds
fabbricante,manufacturer
manteau,manteau
proprietà  terriera,manor
manufatto,manufactured
mantello,mantle
produzione,manufacturing
molti,many
carta geografica,map
margine,margin
marmo,marble
marzo,march
marchio,mark
mercato,market
marketing,marketing
matrimonio,marriage
sposato,married
sposare,marry
si sposa,marries
maschera,mask
meravigliosa,marvelous
palude,marsh
meravigliato,marveled
massa,mass
massiccio,massive
maestro,master
incontro,match
colombiere,masthead
materiale,material
matematica,math
importa,matter
potrebbe,may
questioni,matters
può essere,maybe
sindaco,mayor
me,me
pasto,meal
significare,mean
senso,meaning
meanest,meanest
nel frattempo,meanwhile
meschinamente,meanly
si intende,means
significava,meant
misurare,measure
misurazione,measurement
meccanismo,mechanism
medicazione,medication
medicina,medicine
medio,medium
membro,member
fuso,melted
membri,membership
memoria,memory
mentale,mental
uomini,men
menu,menu
menzionato,mentioned
semplice,mere
semplicemente,merely
pasticcio,mess
allegro,merry
allegramente,merrily
sirena,mermaid
sirene,mermaids
tritoni,mermen
baldoria,merrymaking
messaggio,message
metallo,metal
incontrato,met
messaggero,messenger
metro,meter
metodo,method
messicano,mexican
mezzo,middle
topi,mice
militare,military
potentemente,mightily
mezzanotte,midnight
miglia,miles
mite,mild
latte,milk
milione,million
mulino,mill
mente,mind
il mio,mine
ministro,minister
minore,minor
minoranza,minority
minuto,minute
miracolo,miracle
minuti,minutes
specchio,mirror
fango,mire
missile,missile
miss,misses
rispecchiato,mirrored
malizioso,mischievous
missione,mission
sbaglio,mistake
mescolare,mix
mistook,mistook
miscela,mixture
mm-hmm,mm-hmm
modalità ,mode
modello,model
moderare,moderate
moderno,modern
modesto,modest
mamma,mom
momento,moment
i soldi,money
tenere sotto controllo,monitor
mese,month
mostruoso,monstrous
umore,mood
luna,moon
morale,moral
chiaro di luna,moonlight
di più,more
mattina,morning
mutuo,mortgage
mortale,mortal
le mattine,mornings
maggior parte,most
soprattutto,mostly
madre,mother
movimento,motion
suocera,motherinlaw
motivazione,motivation
il motore,motor
montare,mount
montagna,mountain
topo,mouse
montagne,mountains
a cavallo,mounted
bocca,mouth
trappola per topi,mousetrap
mousecolored,mousecolored
mossa,move
boccone,mouthful
sig,mr
movimenti,movements
mosso,moved
sig.ra,mrs
signorina,ms
tanto,much
multiplo,multiple
muchadmired,muchadmired
fangoso,muddy
omicidio,murder
muscolo,muscle
mormorò,murmured
museo,museum
musica,music
musicale,musical
musicista,musician
musulmano,muslim
reciproco,mutual
mitilo,mussel
mussola,muslin
borbottio,mutter
rad,rad
me stessa,myself
mistero,mystery
mito,myth
nudo,naked
nome,name
narrazione,narrative
di nome,named
stretto,narrow
nazionale,national
cattiva,nasty
nativo,native
nazioni,nations
naturale,natural
naturalmente,naturally
natura,nature
nelle vicinanze,nearby
anzi,nay
cattivo,naughty
necessariamente,necessarily
più ordinato,neater
necessario,necessary
collo,neck
bisogno,need
negativo,negative
necessaria,needed
aghi,needles
negoziare,negotiate
trattativa,negotiation
vicino di casa,neighbor
né,neither
vicinato,neighbors
nervo,nerve
nervoso,nervous
netto,net
rete,network
tuttavia,nevertheless
infinito,neverending
nuovo,new
recentemente,newly
più recente,newest
nuovo venuto,newcomer
notizia,news
giornale,newspaper
il prossimo,next
simpatico,nice
notte,night
piacevolmente,nicely
nove,nine
agile,nimble
notti,nights
crepuscolo,nightfall
no,no
cenno,nod
nobile,noble
rumore,noise
nomina,nomination
nessuna,none
ciò nonostante,nonetheless
normale,normal
normalmente,normally
nord,north
settentrionale,northern
naso,nose
non,not
mazzolino di fiori,nosegay
narici,nostrils
nota,note
niente,nothing
avviso,notice
nozione,notion
romanzo,novel
nozioni,notions
adesso,now
da nessuna parte,nowhere
nucleare,nuclear
numero,number
numerose,numerous
infermiera,nurse
noce,nut
oggetto,object
quercie,oaktrees
nuttrees,nuttrees
obbligo,obligation
osservazione,observation
obbligato,obliged
osservare,observe
osservatore,observer
evidente,obvious
ovviamente,obviously
occasione,occasion
di tanto in tanto,occasionally
occupare,occupy
si verificano,occur
oceano,ocean
si è verificato,occurred
dispari,odd
probabilità ,odds
offesa,offense
odioso,odious
offensivo,offensive
offrire,offer
ufficio,office
offerta,offered
ufficiale,officer
spesso,often
ufficiali,officers
oh,oh
olio,oil
ok,ok
oli,oils
va bene,okay
vecchio,old
olimpico,olympic
più vecchio,older
una volta,once
uno,one
in corso,ongoing
cipolla,onion
in linea,online
aperto,open
apertura,opening
ha aperto,opened
operare,operate
operativo,operating
operazione,operation
operatore,operator
opinione,opinion
avversario,opponent
opporsi,oppose
di fronte,opposite
opposizione,opposition
opzione,option
arancia,orange
ordine,order
arance,oranges
ordinario,ordinary
ordinato,ordered
ordini,orders
organizzazione,organization
organismo,organism
origine,origin
originale,original
originariamente,originally
altri,others
altrimenti,otherwise
nostro,our
noi stessi,ourselves
risultato,outcome
al di fuori,outside
forno,oven
al di sopra di,over
complessivamente,overall
trascurare,overlook
felicissimo,overjoyed
overgrew,overgrew
overheadshe,overheadshe
proprio,own
eccessivamente,overly
sorpassare,overtake
proprietario,owner
di proprietà ,owned
ritmo,pace
ostriche,oysters
pacco,pack
pacchetto,package
pagina,page
imbottitura,padding
paddling,paddling
dolore,pain
pagine,pages
doloroso,painful
dipingere,paint
dolori,pains
pittore,painter
pittura,painting
paio,pair
dipinti,paintings
pallido,pale
palazzo,palace
palazzi,palaces
palestinese,palestinian
palma,palm
pan,pan
pannello,panel
ansimare,pant
riquadri,panes
genitore,parent
perdono,pardon
parco,park
genitori,parents
parcheggio,parking
parte,part
partecipante,participant
parted,parted
partecipare,participate
partecipazione,participation
particolare,particular
in parte,partly
festa,party
passaggio,pass
passeggeri,passenger
passione,passion
passato,past
toppa,patch
sentiero,path
cerotti,patches
paziente,patient
percorsi,paths
pausa,pause
pazienza,patiently
modelli,patterns
pagare,pay
padiglione,pavilion
pagamento,payment
pc,pc
pace,peace
picco,peak
pena,penalty
sbirciare,peep
perle,pearls
perla,pearl
picchi,peaks
torba,peat
piaba,peeped
persone,people
pepe,pepper
percepire,perceive
percentuale,percentage
percezione,perception
perfezionare,perfect
perfettamente,perfectly
eseguire,perform
prestazione,performance
forse,perhaps
eseguita,performed
periodo,period
permanente,permanent
perire,perish
perito,perished
autorizzazione,permission
permesso,permit
persona,person
personale,personal
personalità ,personality
personalmente,personally
prospettiva,perspective
persuadere,persuade
animale domestico,pet
fase,phase
sottovesti,petticoats
sottoveste,petticoat
petali,petals
petalo,petal
petted,petted
fenomeno,phenomenon
filosofia,philosophy
telefono,phone
foto,photo
fotografia,photograph
fotografo,photographer
frase,phrase
fisico,physical
fisicamente,physically
pianoforte,piano
pezzo,piece
mucchio,pile
pezzi,pieces
forato,pierced
pilota,pilot
cuscino,pillow
pilastri,pillars
pino,pine
rosa,pink
tubo,pipe
pinners,pinners
intonazione,pitch
posto,place
campale,pitched
piano,plan
segnaposto,placeholder
intrecciato,plaited
posti,places
pianeta,planet
pianificazione,planning
tavole,planks
pianta,plant
plastica,plastic
piantato,planted
piante,plants
piattaforma,platform
giocare,play
giocatore,player
giocato,played
per favore,please
giocoso,playful
giocando,playing
piacere,pleasure
aggrada,pleases
abbondanza,plenty
tracciare,plot
flessibile,pliant
pm,pm
paffuto,plump
trame,plots
immerso,plunged
tasca,pocket
poche,poche
poesia,poem
poeta,poet
punto,point
polo,pole
puntamento,pointing
appuntito,pointed
punti,points
velenoso,poisonous
polizia,police
politica,policy
politico,political
politicamente,politically
sondaggio,poll
inquinamento,pollution
piscina,pool
polipi,polyps
pompa,pomp
povero,poor
pop,pop
popolazione,population
veranda,porch
porzione,portion
ritratto,portrait
ritrarre,portray
posa,pose
positivo,positive
possedere,possess
possibilità ,possibility
possibile,possible
possibilmente,possibly
inviare,post
pentola,pot
patata,potato
potenziale,potential
potenzialmente,potentially
libbra,pound
avventarsi,pounce
versare,pour
povertà ,poverty
potente,powerful
pratico,practical
pratica,practice
pregare,pray
lodato,praised
lodevole,praiseworthy
preghiera,prayer
precisamente,precisely
predire,predict
preferire,prefer
preferenza,preference
gravidanza,pregnancy
incinta,pregnant
preparazione,preparation
pregiudizio,prejudice
preparare,prepare
prescrizione,prescription
presenza,presence
presente,present
presentazione,presentation
conserva,preserve
presentati,presented
presidenziale,presidential
stampa,press
pressione,pressure
fingere,pretend
bella,pretty
più bella,prettier
finto,pretended
fingendo,pretending
impedire,prevent
precedente,previous
in precedenza,previously
prezzo,price
orgoglio,pride
punse,pricked
sacerdote,priest
in primis,primarily
sacerdoti,priests
primario,primary
principio,principle
principessa,princess
principe,prince
princenow,princenow
principi,princes
principesse,princesses
princesss,princesss
stampare,print
priorità ,priority
prigioniero,prisoner
vita privata,privacy
privato,private
probabilmente,probably
procedura,procedure
procedere,proceed
processi,process
produrre,produce
proclamato,proclaimed
processione,procession
produttore,producer
prodotta,produced
prodotto,product
professione,profession
professionale,professional
professore,professor
profilo,profile
profitto,profit
programma,program
profondo,profound
redditizio,profitable
progresso,progress
progetto,project
prominente,prominent
promettere,promise
promuovere,promote
promesso,promised
corretto,proper
propriamente,properly
proprietà ,property
proporzione,proportion
proposta,proposal
proporre,propose
proposto,proposed
accusatore,prosecutor
oggetti di scena,props
proteggere,protect
protezione,protection
proteina,protein
protesta,protest
orgoglioso,proud
fornire,provide
più fiero,proudest
fornitore,provider
fornito,provided
provincia,province
fornitura,provision
psicologico,psychological
psicologo,psychologist
psicologia,psychology
pubblicazione,publication
pubblicamente,publicly
pubblicare,publish
tirare,pull
punizione,punishment
tirato,pulled
zucca,pumpkin
acquista,purchase
puro,pure
perseguire,pursue
più puro,purest
rosso porpora,purplishred
spingere,push
perseguiti,pursued
mettere,put
qualificarsi,qualify
mettendo,putting
qualità ,quality
trimestre,quarter
terzino,quarterback
domanda,question
regina,queen
regine,queens
velocemente,quickly
domande,questions
silenzioso,quiet
tranquillamente,quietly
smettere,quit
citazione,quote
gara,race
razziale,racial
radicale,radical
radio,radio
rotaia,rail
stracci,rags
furioso,raging
imperversato,raged
pioggia,rain
gamma,range
sollevato,raised
corse,ran
suonò,rang
rango,rank
rapido,rapid
rapidamente,rapidly
raro,rare
raramente,rarely
vota,rate
ratto,rat
piuttosto,rather
rapporto,ratio
crudo,raw
scosso,rattled
ratti,rats
rattrapwe,rattrapwe
reagire,react
raggiunto,reached
reazione,reaction
leggere,read
lettore,reader
leggibilità ,readability
lettura,reading
pronto,ready
vero,real
realtà ,reality
rendersi conto,realize
veramente,really
ragionare,reason
regni,realms
ragionevole,reasonable
richiamare,recall
ricevere,receive
ha ricordato,recalled
recente,recent
ricevuto,received
ricetta,recipe
riconoscimento,recognition
raccomandare,recommend
raccomandazione,recommendation
disco,record
recuperare,recover
recupero,recovery
recluta,recruit
rosso,red
ridurre,reduce
arrossamento,reddening
riduzione,reduction
fare riferimento,refer
reefed,reefed
scogliera,reef
canna,reed
riferimento,reference
riflettere,reflect
riflessione,reflection
riforma,reform
profugo,refugee
rifiuto,refuse
considerare,regard
riguadagnare,regain
per quanto riguarda,regarding
senza riguardo,regardless
regime,regime
regione,region
regionale,regional
registrare,register
regolarmente,regularly
regolamento,regulation
rafforzare,reinforce
rifiutare,reject
riferirsi,relate
relazione,relation
relazionato,related
parente,relative
relativamente,relatively
rilassare,relax
pertinente,relevant
sollievo,relief
religione,religion
religioso,religious
fare affidamento,rely
rimanere,remain
basandosi,relying
rimanente,remaining
è rimasta,remained
notevole,remarkable
ricorda,remember
ricordare,remind
ricordato,remembered
a distanza,remote
rimuovere,remove
ripetere,repeat
ripetutamente,repeatedly
ripetuto,repeated
sostituire,replace
ripetizione,repetition
rispondere,reply
sostituzione,replacing
rispose,replied
reporter,reporter
rappresentazione,representation
rappresentante,representative
repubblicano,republican
reputazione,reputation
richiedere,require
richiesto,requested
requisiti,requirement
ricerca,research
salvataggi,rescues
ricercatore,researcher
somigliare,resemble
prenotazione,reservation
residente,resident
resistere,resist
resistenza,resistance
risoluzione,resolution
risolvere,resolve
ricorrere,resort
risorsa,resource
risuonava,resounded
rispetto,respect
convenuto,respondent
rispettivo,respective
responsabilità ,responsibility
responsabile,responsible
riposo,rest
ristorante,restaurant
ristabilire,restore
riposato,rested
restrizione,restriction
andare in pensione,retire
seguito,retinue
la pensione,retirement
ritorno,return
svelare,reveal
tornato,returned
revisione,review
rivoluzione,revolution
rivivere,revived
rivisitato,revisited
riso,rice
riband,riband
ricco,rich
liberare,rid
riccamente,richly
più ricco,richer
fucile,rifle
equitazione,riding
destra,right
sartiame,rigging
squillare,ring
scorza,rind
salire,rise
maturato,ripened
rischio,risk
sorge,rises
aumentato,risen
fiume,river
rituali,rituals
rituale,ritual
strada,road
roccia,rock
vesti,robes
ruggente,roaring
ruolo,role
ladri,rogues
rocce,rocks
razzi,rockets
cavalcò,rode
rotolo,roll
romantico,romantic
laminato,rolled
tetto,roof
radice,root
camere,rooms
corda,rope
radici,roots
ruvido,rough
rosecolored,rosecolored
rose,roses
rosered,rosered
approssimativamente,roughly
il giro,round
itinerario,route
routine,routine
riga,row
strofinare,rub
reale,royal
righe,rows
regola,rule
maleducato,rude
sfregamento,rubbing
timoni,rudders
volant,ruffles
correre,run
rombo,rumble
pettegolezzo,rumor
in esecuzione,running
rurale,rural
corsa,rush
russo,russian
giunchi,rushes
sacro,sacred
triste,sad
sacrificato,sacrificed
sicuro,safe
purtroppo,sadly
più triste,sadder
sicurezza,safety
insalata,salad
disse,said
andare in barca,sailing
navigato,sailed
vela,sail
marinai,sailors
vele,sails
stipendio,salary
saldi,sale
i saldi,sales
sale,salt
stesso,same
sanzione,sanction
sabbia,sand
satellitare,satellite
sat,sat
sabbie,sands
cantava,sang
affondò,sank
soddisfazione,satisfaction
salsa,sauce
salvare,save
salsicce,sausages
salvataggio,saving
salvato,saved
dire,say
sega,saw
scala,scale
detto,saying
dice,says
scandalo,scandal
bilancia,scales
scenario,scenario
scarso,scarce
sciarpa,scarf
scarlatto,scarlet
scena,scene
schema,scheme
profumo,scent
profumato,scented
studioso,scholar
borsa di studio,scholarship
scuola,school
scienza,science
scientifico,scientific
scienziato,scientist
urlare,scream
forbici,scissors
perlustrato,scoured
scavato,scooped
schermo,screen
copione,script
mare,sea
fregati,scrubbed
stagione,season
seamens,seamens
posto a sedere,seat
segreto,secret
seduto,seated
alga marina,seaweed
segretario,secretary
sezione,section
settore,sector
vedere,see
seducente,seductively
seme,seed
cercare,seek
vedendo,seeing
sembrare,seem
segmento,segment
visto,seen
sembrava,seemed
ribollente,seething
vede,sees
ribolliva,seethed
sequestrare,seize
selezionare,select
selezione,selection
se stesso,self
vendere,sell
senato,senate
senatore,senator
sensibile,sensitive
invio,sending
separato,separate
inviato,sent
sequenza,sequence
serie,series
grave,serious
sul serio,seriously
servire,serve
sessione,session
servizi,services
servito,served
impostato,set
ambientazione,setting
cassapanca,settle
insediamento,settlement
sette,seven
parecchi,several
sesso,sex
cucito,sewed
sessuale,sexual
ombra,shade
scuotere,shake
occhiali da sole,shades
ombroso,shaded
ombre,shadows
deve,shall
forma,shape
sarai,shalt
condividere,share
forme,shapes
formoso,shapely
sagomato,shaped
acuto,sharp
condivisa,shared
lei,she
sharpedged,sharpedged
foglio,sheet
muta,shedding
capannone,shed
mensola,shelf
conchiglia,shell
riparo,shelter
conchiglie,shells
cambio,shift
splendere,shine
nave,ship
splendente,shining
camicia,shirt
navi,ships
naufragio,shipwreck
naufrago,shipwrecked
merda,shit
shock,shock
scarpa,shoe
sparare,shoot
brillava,shone
tiro,shooting
negozio,shop
shopping,shopping
riva,shore
corto,short
in breve,shortly
più corto,shorter
accorcia,shortens
dovrebbero,should
spalla,shoulder
grido,shout
le spalle,shoulders
mostrare,show
doccia,shower
ha mostrato,showed
alzata di spalle,shrug
mostrando,showing
arbusti,shrubs
contrarsi,shrink
chiuso,shut
lato,side
sospiro,sigh
lati,sides
vista,sight
sospirò,sighed
cartello,sign
viste,sights
segnale,signal
significato,significance
significativo,significant
in modo significativo,significantly
silenzio,silence
argento,silver
seta,silk
simile,similar
allo stesso modo,similarly
peccato,sin
sempliciotto,simpleton
semplicità ,simplicity
da,since
cantare,sing
cantante,singer
singolo,single
cantando,singing
lavello,sink
singolare,singular
sorella,sister
peccatore,sinner
sedersi,sit
sorelle,sisters
situazione,situation
seduta,sitting
sei,six
taglia,size
sedici,sixteen
sciare,ski
scheletri,skeletons
abilità ,skill
cielo,sky
scremare,skim
schiavo,slave
ridotto,slashed
dormire,sleep
schiavi,slaves
fetta,slice
snello,slender
dormito,slept
diapositiva,slide
leggero,slight
leggermente,slightly
scivolare,slip
viscido,slimy
lento,slow
scivolato,slipped
pantofole,slippers
pantofola,slipper
slithered,slithered
lentamente,slowly
piccolo,small
inteligente,smart
più piccoli,smaller
odore,smell
più intelligente,smartest
fumo,smoke
sorridente,smiling
sorrise,smiled
liscio,smooth
schiocco,snap
serpenti,snakes
la neve,snow
russare,snore
tagli,snips
annusato,sniffed
scattò,snapped
strappato,snatched
così,so
snuffed,snuffed
cosiddetto,so-called
sociale,social
singhiozzante,sobbing
morbido,soft
software,software
suolo,soil
solare,solar
soldato,soldier
solido,solid
soldati,soldiers
soluzione,solution
alcuni,some
qualcuno,somebody
in qualche modo,somehow
qualcosa,something
capriole,somersaults
qualche volta,sometimes
da qualche parte,somewhere
figlio,son
canzone,song
sofisticato,sophisticated
canzoni,songs
spiacente,sorry
tristezza,sorrow
ordinare,sort
anima,soul
ricercato,sought
tipi,sorts
suono,sound
anime,souls
la minestra,soup
suonava,sounded
fonte,source
sud,south
meridionale,southern
sovietico,soviet
sovrano,sovereign
spazio,space
spagnolo,spanish
spaziatura,spacing
parlare,speak
scorta,spare
altoparlante,speaker
speciale,special
specialista,specialist
specie,species
specifico,specific
specificamente,specifically
velocità ,speed
discorsi,speeches
occhiali,spectacles
spettacolo,spectacle
accelerato,sped
trascorrere,spend
la spesa,spending
rotazione,spin
trascorso,spent
spirito,spirit
guglie,spires
spirituale,spiritual
spiritlike,spiritlike
spiriti,spirits
diviso,split
splendido,splendid
schizzato,splashed
spruzzo,splash
portavoce,spokesman
ha parlato,spoke
sport,sport
spugnoso,spongy
diffusione,spread
sprang,sprang
becco,spouted
spray,spray
distendersi,sprawl
primavera,spring
piazza,square
spun,spun
spremere,squeeze
stabilità ,stability
contorse,squirmed
stabile,stable
palcoscenico,stage
impilati,stacked
puntata,stake
scale,staircases
stare in piedi,stand
gambi,stalks
standard,standard
in piedi,standing
stella,star
stand,stands
stato,state
stelle,stars
dichiarazione,statement
stazione,station
statistica,statistics
restare,stay
statua,statue
statue,statues
rubare,steal
rimasto,stayed
acciaio,steel
vapore,steam
passo,step
campanili,steeples
campanile,steeple
bastone,stick
passaggi,steps
agitare,stir
stomaco,stomach
ha rubato,stole
pietra,stone
pettorina,stomacher
fermare,stop
pietre,stones
sorgeva,stood
conservazione,storage
fermato,stopped
memorizzare,store
tempesta,storm
storie,stories
dritto,straight
tempeste,storms
strano,strange
sconosciuto,stranger
strategico,strategic
gli stranieri,strangers
strangolato,strangled
strategia,strategy
ruscello,stream
cannuccia,straw
forza,strength
strade,streets
streaming,streaming
stress,stress
allungare,stretch
sciopero,strike
teso,stretched
allungamento,stretching
stringa,string
suggestivo,striking
striscia,strip
ictus,stroke
fortemente,strongly
più forte,stronger
accarezzò,stroked
lotta,struggle
strutturato,structured
colpito,struck
alunno,student
incollato,stuck
studio,studio
studia,study
cose,stuff
stupido,stupid
gli animali,stuffs
stile,style
soggetto,subject
sottoscrivi,submit
successivo,subsequent
sostanza,substance
sostanziale,substantial
avere successo,succeed
successo,success
riuscito,successful
con successo,successfully
improvviso,sudden
ad un tratto,suddenly
citare in giudizio,sue
soffrire,suffer
sufficiente,sufficient
soffre,suffers
sofferenza,suffering
zucchero,sugar
suggerire,suggest
suggerimento,suggestion
suicidio,suicide
completo da uomo,suit
estate,summer
adatto,suited
tute,suits
vertice,summit
sole,sun
somme,sums
convocato,summoned
super,super
raggi di sole,sunbeams
affondata,sunken
affondato,sunk
tramonto,sunset
soli,suns
luce del sole,sunlight
supporto,support
superbo,superb
sostenitore,supporter
supporre,suppose
ipotetico,supposed
supremo,supreme
superficie,surface
chirurgia,surgery
sorpresa,surprise
sorpreso,surprised
sorprendente,surprising
sorprendentemente,surprisingly
circondare,surround
sopravvivenza,survival
intervistati,surveyed
sopravvivere,survive
sopravvissuto,survivor
sospettare,suspect
sostenere,sustain
giurare,swear
ingestione,swallowed
ingoiare,swallow
rondini,swallows
ondeggiato,swayed
cigni,swans
nuotato,swam
cigno,swanlike
spazzare,sweep
dolce,sweet
nuotare,swim
dolcemente,sweetly
più dolce,sweetest
dolcezza,sweetness
spazzato,swept
rigonfiamento,swell
sweetscented,sweetscented
gonfiato,swelled
swing,swing
nuoto,swimming
interruttore,switch
oscillante,swinging
roteato,swirled
simbolo,symbol
spada,sword
svenuto,swooned
oscillato,swung
sintomo,symptom
sistema,system
tavolo,table
cucchiaio,tablespoon
tavoli,tables
tattica,tactic
coda,tail
prendere,take
code,tails
racconto,tale
presa,taking
prese,taken
talento,talent
carro armato,tank
parlato,talked
parlando,talking
rubinetto,tap
nastro,tape
bersaglio,target
arazzi,tapestries
compito,task
imposta,tax
contribuente,taxpayer
tè,tea
insegnare,teach
insegnante,teacher
insegnamento,teaching
squadra,team
lacrima,tear
cucchiaino,teaspoon
lacrime,tears
tecnico,technical
tecnica,technique
tecnologia,technology
telescopio,telescope
televisione,television
raccontare,tell
temperatura,temperature
temperare,temper
temporaneo,temporary
tempio,temple
dieci,ten
tendere,tend
tendenza,tendency
tennis,tennis
tenero,tender
teneramente,tenderly
tensione,tension
tenda,tent
termine,term
tentacoli,tentacles
condizioni,terms
territorio,territory
terrorizzato,terrified
terrore,terror
terrorismo,terrorism
terrorista,terrorist
test,test
testimoniare,testify
testimonianza,testimony
testo,text
grazie,thank
quello,that
ringraziato,thanked
il,the
teatro,theater
loro,their
loro stessi,themselves
poi,then
teoria,theory
terapia,therapy
là ,there
perciò,therefore
questi,these
a quel punto,thereupon
theres,theres
essi,they
di spessore,thick
cosa,thing
pensare,think
pensiero,thinking
terzo,third
trenta,thirty
su,up
quelli,those
anche se,though
mille,thousand
pensieri,thoughts
minaccia,threat
minacciare,threaten
tre,three
gola,throat
tre volte,thrice
tre quarti,threequarters
threemaster,threemaster
gettò,threw
prosperato,thrived
per tutto,throughout
gettare,throw
biglietto,ticket
spinta,thrust
gettato,thrown
tuono,thunder
batté,thumped
tuonato,thundered
cravatta,tie
marea,tide
tempo,time
fino,till
legato,tied
legnami,timbers
minuscolo,tiny
volte,times
tinta,tint
colorato,tinted
mancia,tip
pneumatico,tire
suggerimenti,tips
in punta di piedi,tiptoed
stanco,tired
fazzoletto di carta,tissue
tirewoman,tirewoman
faticoso,tiresome
tabacco,tobacco
titoli,titles
rospo,toad
oggi,today
dito del piede,toe
insieme,together
dita dei piedi,toes
pomodoro,tomato
domani,tomorrow
tono,tone
lingua,tongue
stasera,tonight
pure,too
dente,tooth
ha preso,took
superiore,top
argomento,topic
scossa,toss
cime,tops
sormontato,topped
topmost,topmost
torce,torches
tormento,torment
totale,total
sballottati,tossed
totalmente,totally
toccare,touch
turista,tourist
toccato,touched
torneo,tournament
verso,toward
in direzione,towards
torre,tower
cittadina,town
torri,towers
torreggiante,towering
giocattolo,toy
commercio,trade
toyed,toyed
tradizione,tradition
tradizionale,traditional
traffico,traffic
tragedia,tragedy
pista,trail
treno,train
trascinamento,trailing
trasferimento,transfer
trasformare,transform
trasformazione,transformation
transizione,transition
tradurre,translate
mezzi di trasporto,transportation
trasparente,transparent
trattare,treat
botola,trapdoor
trappola,trap
calpestando,treading
attraversato,traversed
trattamento,treatment
trattato,treaty
albero,tree
tribù,tribe
alberi,trees
tremito,trembling
tremato,trembled
trialfar,trialfar
truppe,troop
provato,tried
rifinitura,trimming
insignificante,trifling
guaio,trouble
camion,truck
agitato,troubled
i pantaloni,trousers
verità ,truth
tromba,trumpet
trombe,trumpets
provare,try
tunnel,tunnel
provando,trying
tumultuoso,tumultuous
turno,turn
tv,tv
trasformato,turned
svolta,turning
dodici,twelve
venti,twenty
due volte,twice
gemello,twin
due,two
brillavano,twinkled
ritorto,twined
tipico,typical
due tagli,twoedged
tipicamente,typically
brutto,ugly
in definitiva,ultimately
incapace,unable
zio,uncle
incivile,uncivil
subire,undergo
insolitamente,uncommonly
capire,understand
sottolineatura,underlining
comprensione,understanding
sfortunatamente,unfortunately
inquieto,uneasy
spogliata,undressed
inadatto,unfit
inidoneità ,unfitness
uniforme,uniform
infelicemente,unhappily
unione,union
unico,unique
unità ,unit
unito,united
universale,universal
universo,universe
salvo che,unless
diversamente da,unlike
improbabile,unlikely
fino a,until
ineguagliabile,unparalleled
imperturbato,unruffled
insolito,unusual
urbano,urban
sollecitare,urge
noi,us
uso,use
usato,used
utente,user
solito,usual
utilità ,utility
valle,valley
vano,vain
prezioso,valuable
valli,valleys
valore,value
variabile,variable
variazione,variation
varietà ,variety
vario,various
variare,vary
vasto,vast
verdura,vegetable
veicolo,vehicle
avventurarsi,venture
velluto,velvet
velo,veil
versione,version
avventuroso,venturesome
molto,very
veterano,veteran
vittima,victim
vexed,vexed
vittoria,victory
video,video
spettatore,viewer
villaggio,village
violare,violate
vinecolored,vinecolored
violazione,violation
violenza,violence
violento,violent
virtù,virtue
violini,violins
viola,violet
virus,virus
visibile,visible
visione,vision
visita,visit
visitatore,visitor
visitare,visiting
visivo,visual
vitale,vital
voce,voice
cioè,viz
volume,volume
voci,voices
volontario,volunteer
votazione,vote
elettore,voter
vs,vs
vulnerabile,vulnerable
salario,wage
aspettare,wait
svegliare,wake
in attesa,waiting
camminare,walk
waked,waked
parete,wall
camminava,walked
a piedi,walking
vagare,wander
bacchetta magica,wand
muri,walls
volere,want
guerra,war
vuole,wants
volendo,wanting
avvisare,warn
armadio,wardrobe
avvertimento,warning
lavaggio,wash
acqua,water
guardando,watching
lavato,washed
onda,wave
wateringpot,wateringpot
acque,waters
acquoso,watery
modo,way
cera,wax
agitando,waving
sventolato,waved
onde,waves
debole,weak
ricchezza,wealth
arma,weapon
indossare,wear
tempo metereologico,weather
nozze,wedding
sito web,website
tessitori,weavers
tessere,weave
settimana,week
fine settimana,weekend
settimanalmente,weekly
pesare,weigh
peso,weight
benvenuto,welcome
benessere,welfare
meravigliarsi,wonder
che cosa,what
ovest,west
erano,were
andato,went
fanciulla,wench
werent,werent
occidentale,western
bagnato,wet
balena,whale
balene,whales
ciò che è,what's
ruota,wheel
quando,when
ruote,wheels
ogni volta,whenever
dove,where
mentre,whereas
quale,which
di che,whereof
dopo di che,whereupon
dovunque,wherever
sussurro,whisper
idromassaggi,whirlpools
whirled,whirled
vorticoso,whirling
bianca,white
sussurrato,whispered
chi,who
di chi,whose
largo,wide
malvagio,wicked
ampiamente,widely
molto diffuso,widespread
più ampia,wider
moglie,wife
vedovo,widower
selvaggio,wild
volontà ,will
natura selvaggia,wilderness
disposto,willing
vincere,win
salice,willow
vento,wind
finestra,window
vino,wine
finestre,windows
ala,wing
vincitore,winner
ali,wings
inverno,winter
vittorie,wins
pulire,wipe
orario invernale,wintertime
filo,wire
saggezza,wisdom
saggio,wise
con,with
vuo,wishest
sognante,wistful
strega,witch
witchs,witchs
ritirarsi,withdraw
entro,within
senza,without
testimone,witness
donna,woman
lupo,wolf
wolfs,wolfs
lavoro,work
meraviglioso,wonderful
legna,wood
meravigliosamente,wonderfully
meraviglie,wonders
di legno,wooden
parola,word
boschi,woods
parole,words
lavoratore,worker
lavori,works
fattura,workmanship
mondo,world
preoccupato,worried
logoro,worn
vermi,worms
di valore,worth
peggio,worst
voluto,would
avvolgere,wrap
wouldst,wouldst
intrecciata,woven
scrivi,write
infelice,wretched
distrutto,wrecked
relitto,wreckage
svicolare,wriggling
scrittore,writer
scrittura,writing
contorcendosi,writhing
sbagliato,wrong
cortile,yard
strizzato,wrung
anno,year
cantieri,yards
urlo,yell
anni,years
giallo,yellow
sì,yes
giallastro,yellowish
ieri,yesterday
dare la precedenza,yield
tu,you
giovane,young
il tuo,your
te stesso,yourself
gioventù,youth
zona,zone
