bene,well,
avvenimento,happening,
fa,does,
freddo,cool,
un,a,
abbandono,abandon,
capacità ,ability,
capace,able,
aborto,abortion,
di,about,
sopra,above,
all'estero,abroad,
assenza,absence,
assoluto,absolute,
assolutamente,absolutely,
assorbire,absorb,
abuso,abuse,
accademico,academic,
accettare,accept,
accesso,access,
incidente,accident,
accompagnare,accompany,
realizzare,accomplish,
secondo,according,
account,account,
preciso,accurate,
accusare,accuse,
raggiungere,achieve,
realizzazione,achievement,
acido,acid,
riconoscere,acknowledge,
acquisire,acquire,
attraverso,across,
atto,act,
azione,action,
attivo,active,
attivista,activist,
attività ,activity,
attore,actor,
attrice,actress,
effettivo,actual,
in realtà ,actually,
anno domini,ad,
adattare,adapt,
inserisci,add,
aggiunta,addition,
addizionale,additional,
indirizzo,address,
adeguato,adequate,
regolare,adjust,
registrazione,adjustment,
amministrazione,administration,
amministratore,administrator,
ammirare,admire,
ammissione,admission,
ammettere,admit,
adolescente,adolescent,
adottare,adopt,
adulto,adult,
progredire,advance,
avanzate,advanced,
vantaggio,advantage,
avventura,adventure,
pubblicità ,advertising,
consigli,advice,
consigliare,advise,
consigliere,adviser,
avvocato,advocate,
affare,affair,
influenzare,affect,
permettersi,afford,
impaurito,afraid,
africano,african,
afroamericano,african-american,
dopo,after,
pomeriggio,afternoon,
ancora,again,
contro,against,
età ,age,
agenzia,agency,
ordine del giorno,agenda,
agente,agent,
aggressivo,aggressive,
essere d'accordo,agree,
accordo,agreement,
agricolo,agricultural,
ah,ah,
avanti,ahead,
aiuto,aid,
aiutante di campo,aide,
aids,aids,
scopo,aim,
aria,air,
aereo,aircraft,
linea aerea,airline,
aeroporto,airport,
album,album,
alcool,alcohol,
vivo,alive,
tutti,all,
alleanza,alliance,
permettere,allow,
alleato,ally,
quasi,almost,
solo,alone,
lungo,along,
già ,already,
anche,also,
alterare,alter,
alternativa,alternative,
sebbene,although,
sempre,always,
sono,am,
stupefacente,amazing,
americano,american,
tra,among,
quantità ,amount,
analisi,analysis,
analista,analyst,
analizzare,analyze,
antico,ancient,
e,and,
rabbia,anger,
angolo,angle,
arrabbiato,angry,
animale,animal,
anniversario,anniversary,
annunciare,announce,
annuale,annual,
un altro,another,
risposta,answer,
anticipare,anticipate,
ansia,anxiety,
qualunque,any,
nessuno,anybody,
più,anymore,
chiunque,anyone,
nulla,anything,
comunque,anyway,
in qualunque posto,anywhere,
a parte,apart,
appartamento,apartment,
apparente,apparent,
apparentemente,apparently,
appello,appeal,
apparire,appear,
aspetto,appearance,
mela,apple,
applicazione,application,
applicare,apply,
nominare,appoint,
appuntamento,appointment,
apprezzare,appreciate,
approccio,approach,
adeguata,appropriate,
approvazione,approval,
approvare,approve,
circa,approximately,
arabo,arab,
architetto,architect,
la zona,area,
discutere,argue,
discussione,argument,
sorgere,arise,
braccio,arm,
armato,armed,
esercito,army,
in giro,around,
organizzare,arrange,
preparativi,arrangement,
arresto,arrest,
arrivo,arrival,
arte,art,
articolo,article,
artista,artist,
artistico,artistic,
come,as,
asiatico,asian,
chiedere,ask,
addormentato,asleep,
assalto,assault,
affermare,assert,
valutare,assess,
valutazione,assessment,
assegnare,assign,
assegnazione,assignment,
assistere,assist,
assistenza,assistance,
assistente,assistant,
socio,associate,
associazione,association,
assumere,assume,
assunzione,assumption,
assicurare,assure,
a,at,
atleta,athlete,
atletico,athletic,
atmosfera,atmosphere,
allegare,attach,
attacco,attack,
tentativo,attempt,
attenzione,attention,
atteggiamento,attitude,
procuratore,attorney,
attirare,attract,
attraente,attractive,
attributo,attribute,
pubblico,audience,
autore,author,
autorità ,authority,
auto,auto,
a disposizione,available,
media,average,
evitare,avoid,
premio,award,
consapevole,aware,
consapevolezza,awareness,
lontano,away,
terribile,awful,
bambino,baby,
indietro,back,
sfondo,background,
male,bad,
borsa,bag,
infornare,bake,
equilibrio,balance,
palla,ball,
bandire,ban,
gruppo musicale,band,
banca,bank,
bar,bar,
appena,barely,
barile,barrel,
barriera,barrier,
base,base,
baseball,baseball,
di base,basic,
fondamentalmente,basically,
cestino,basket,
pallacanestro,basketball,
bagno,bathroom,
batteria,battery,
battaglia,battle,
essere,be,
spiaggia,beach,
fagiolo,bean,
orso,bear,
battere,beat,
bellissimo,beautiful,
bellezza,beauty,
perché,because,
diventare,become,
letto,bed,
camera da letto,bedroom,
birra,beer,
prima,before,
inizio,begin,
comportamento,behavior,
dietro a,behind,
credenza,belief,
credere,believe,
campana,bell,
appartenere,belong,
sotto,below,
cintura,belt,
panchina,bench,
piegare,bend,
beneficiare,benefit,
accanto,beside,
inoltre,besides,
migliore,best,
scommessa,bet,
meglio,better,
fra,between,
al di là ,beyond,
bibbia,bible,
grande,big,
bicicletta,bike,
conto,bill,
miliardo,billion,
legare,bind,
biologico,biological,
uccello,bird,
nascita,birth,
compleanno,birthday,
po,bit,
mordere,bite,
nero,black,
lama,blade,
colpa,blame,
coperta,blanket,
cieco,blind,
bloccare,block,
sangue,blood,
soffio,blow,
blu,blue,
tavola,board,
barca,boat,
corpo,body,
bomba,bomb,
bombardamento,bombing,
legame,bond,
osso,bone,
libro,book,
boom,boom,
avvio,boot,
confine,border,
nato,born,
prendere in prestito,borrow,
capo,boss,
tutti e due,both,
preoccuparsi,bother,
bottiglia,bottle,
parte inferiore,bottom,
ciotola,bowl,
scatola,box,
ragazzo,boy,
fidanzato,boyfriend,
cervello,brain,
ramo,branch,
marca,brand,
pane,bread,
rompere,break,
prima colazione,breakfast,
seno,breast,
respiro,breath,
respirare,breathe,
mattone,brick,
ponte,bridge,
breve,brief,
brevemente,briefly,
luminosa,bright,
brillante,brilliant,
portare,bring,
britannico,british,
ampio,broad,
rotto,broken,
fratello,brother,
marrone,brown,
spazzola,brush,
secchio,buck,
bilancio,budget,
costruire,build,
costruzione,building,
proiettile,bullet,
mazzo,bunch,
fardello,burden,
bruciare,burn,
seppellire,bury,
autobus,bus,
attività  commerciale,business,
occupato,busy,
ma,but,
burro,butter,
pulsante,button,
acquistare,buy,
acquirente,buyer,
cabina,cabin,
consiglio dei ministri,cabinet,
cavo,cable,
torta,cake,
calcolare,calculate,
chiamata,call,
telecamera,camera,
campo,camp,
campagna,campaign,
città  universitaria,campus,
può,can,
canadese,canadian,
cancro,cancer,
candidato,candidate,
berretto,cap,
capitale,capital,
capitano,captain,
catturare,capture,
carbonio,carbon,
carta,card,
cura,care,
carriera,career,
attento,careful,
accuratamente,carefully,
vettore,carrier,
trasportare,carry,
astuccio,case,
contanti,cash,
lanciare,cast,
gatto,cat,
categoria,category,
cattolico,catholic,
causa,cause,
soffitto,ceiling,
celebrare,celebrate,
celebrazione,celebration,
celebrità ,celebrity,
cellula,cell,
centro,center,
centrale,central,
secolo,century,
amministratore delegato,ceo,
cerimonia,ceremony,
certo,certain,
certamente,certainly,
catena,chain,
sedia,chair,
presidente,chairman,
sfida,challenge,
camera,chamber,
campione,champion,
campionato,championship,
opportunità ,chance,
modificare,change,
mutevole,changing,
canale,channel,
capitolo,chapter,
personaggio,character,
caratteristica,characteristic,
caratterizzare,characterize,
carica,charge,
carità ,charity,
grafico,chart,
inseguire,chase,
a buon mercato,cheap,
dai un'occhiata,check,
guancia,cheek,
formaggio,cheese,
capocuoco,chef,
chimico,chemical,
il petto,chest,
pollo,chicken,
infanzia,childhood,
cinese,chinese,
patata fritta,chip,
cioccolato,chocolate,
scelta,choice,
colesterolo,cholesterol,
scegliere,choose,
cristiano,christian,
natale,christmas,
chiesa,church,
sigaretta,cigarette,
cerchio,circle,
circostanza,circumstance,
citare,cite,
cittadino,citizen,
città ,city,
civile,civil,
richiesta,claim,
classe,class,
classico,classic,
aula,classroom,
pulito,clean,
chiaro,clear,
chiaramente,clearly,
cliente,client,
clima,climate,
scalata,climb,
clinica,clinic,
clinico,clinical,
orologio,clock,
vicino,close,
strettamente,closely,
più vicino,closer,
abiti,clothes,
capi di abbigliamento,clothing,
nube,cloud,
club,club,
traccia,clue,
grappolo,cluster,
allenatore,coach,
carbone,coal,
coalizione,coalition,
costa,coast,
cappotto,coat,
codice,code,
caffè,coffee,
conoscitivo,cognitive,
crollo,collapse,
collega,colleague,
raccogliere,collect,
collezione,collection,
collettivo,collective,
università ,college,
coloniale,colonial,
colore,color,
colonna,column,
combinazione,combination,
combinare,combine,
venire,come,
commedia,comedy,
comfort,comfort,
confortevole,comfortable,
comando,command,
comandante,commander,
commento,comment,
commerciale,commercial,
commissione,commission,
commettere,commit,
impegno,commitment,
comitato,committee,
comune,common,
comunicare,communicate,
comunicazione,communication,
comunità ,community,
azienda,company,
confrontare,compare,
confronto,comparison,
competere,compete,
concorrenza,competition,
competitivo,competitive,
concorrente,competitor,
lamentarsi,complain,
denuncia,complaint,
completare,complete,
completamente,completely,
complesso,complex,
complicato,complicated,
componente,component,
comporre,compose,
composizione,composition,
globale,comprehensive,
computer,computer,
concentrarsi,concentrate,
concentrazione,concentration,
concetto,concept,
preoccupazione,concern,
ha riguardato,concerned,
concerto,concert,
concludere,conclude,
conclusione,conclusion,
calcestruzzo,concrete,
condizione,condition,
condotta,conduct,
conferenza,conference,
fiducia,confidence,
fiducioso,confident,
confermare,confirm,
conflitto,conflict,
affrontare,confront,
confusione,confusion,
congresso,congress,
collegare,connect,
connessione,connection,
coscienza,consciousness,
consenso,consensus,
conseguenza,consequence,
prudente,conservative,
tenere conto,consider,
considerevole,considerable,
considerazione,consideration,
consistere,consist,
coerente,consistent,
costante,constant,
costantemente,constantly,
costituire,constitute,
costituzionale,constitutional,
consulente,consultant,
consumare,consume,
consumatore,consumer,
consumo,consumption,
contatto,contact,
contenere,contain,
contenitore,container,
contemporaneo,contemporary,
soddisfare,content,
concorso,contest,
contesto,context,
continua,continue,
contrarre,contract,
contrasto,contrast,
contribuire,contribute,
contributo,contribution,
controllo,control,
controverso,controversial,
controversia,controversy,
convenzione,convention,
convenzionale,conventional,
conversazione,conversation,
convertire,convert,
convinzione,conviction,
convincere,convince,
cucinare,cook,
biscotto,cookie,
cucinando,cooking,
cooperazione,cooperation,
poliziotto,cop,
far fronte,cope,
copia,copy,
nucleo,core,
mais,corn,
aziendale,corporate,
società ,corporation,
corretta,correct,
corrispondente,correspondent,
costo,cost,
cotone,cotton,
divano,couch,
poteva,could,
consiglio,council,
contare,count,
contatore,counter,
nazione,country,
contea,county,
coppia,couple,
coraggio,courage,
corso,course,
tribunale,court,
cugino,cousin,
copertina,cover,
copertura,coverage,
mucca,cow,
crepa,crack,
mestiere,craft,
schianto,crash,
pazzo,crazy,
crema,cream,
creare,create,
creazione,creation,
creativo,creative,
creatura,creature,
credito,credit,
equipaggio,crew,
crimine,crime,
penale,criminal,
crisi,crisis,
criteri,criteria,
critico,critic,
critica,criticism,
criticare,criticize,
raccolto,crop,
attraversare,cross,
folla,crowd,
cruciale,crucial,
piangere,cry,
culturale,cultural,
cultura,culture,
tazza,cup,
curioso,curious,
attuale,current,
attualmente,currently,
programma scolastico,curriculum,
costume,custom,
taglio,cut,
ciclo,cycle,
papà ,dad,
quotidiano,daily,
danno,damage,
danza,dance,
pericolo,danger,
pericoloso,dangerous,
osare,dare,
buio,dark,
dati,data,
data,date,
figlia,daughter,
giorno,day,
morto,dead,
commerciante,dealer,
caro,dear,
morte,death,
debito,debt,
decennio,decade,
decidere,decide,
decisione,decision,
dichiarare,declare,
declino,decline,
diminuire,decrease,
in profondità ,deep,
profondamente,deeply,
cervo,deer,
la sconfitta,defeat,
difendere,defend,
imputato,defendant,
difesa,defense,
difensiva,defensive,
disavanzo,deficit,
definire,define,
decisamente,definitely,
definizione,definition,
grado,degree,
ritardo,delay,
consegnare,deliver,
consegna,delivery,
democrazia,democracy,
democratico,democrat,
dimostrare,demonstrate,
dimostrazione,demonstration,
negare,deny,
dipartimento,department,
dipendere,depend,
dipendente,dependent,
rappresentare,depict,
depressione,depression,
profondità ,depth,
vice,deputy,
derivare,derive,
descrivere,describe,
descrizione,description,
deserto,desert,
meritare,deserve,
design,design,
progettista,designer,
desiderio,desire,
scrivania,desk,
disperato,desperate,
nonostante,despite,
distruggere,destroy,
distruzione,destruction,
dettaglio,detail,
dettagliato,detailed,
individuare,detect,
determinare,determine,
sviluppare,develop,
sviluppando,developing,
sviluppo,development,
dispositivo,device,
dedicare,devote,
dialogo,dialogue,
morire,die,
dieta,diet,
differire,differ,
differenza,difference,
diverso,different,
diversamente,differently,
difficile,difficult,
difficoltà ,difficulty,
scavare,dig,
digitale,digital,
dimensione,dimension,
cenare,dining,
cena,dinner,
diretto,direct,
direzione,direction,
direttamente,directly,
direttore,director,
sporco,dirt,
invalidità ,disability,
disaccordo,disagree,
scomparire,disappear,
disastro,disaster,
disciplina,discipline,
discorso,discourse,
scoprire,discover,
scoperta,discovery,
discriminazione,discrimination,
malattia,disease,
piatto,dish,
respingere,dismiss,
disturbo,disorder,
display,display,
distanza,distance,
distinto,distinct,
distinzione,distinction,
distinguere,distinguish,
distribuire,distribute,
distribuzione,distribution,
quartiere,district,
diversità ,diversity,
dividere,divide,
divisione,division,
divorzio,divorce,
dna,dna,
fare,do,
medico,doctor,
documento,document,
cane,dog,
domestico,domestic,
dominante,dominant,
dominare,dominate,
porta,door,
doppio,double,
dubbio,doubt,
giù,down,
dozzina,dozen,
bozza,draft,
trascinare,drag,
dramma,drama,
drammatico,dramatic,
drammaticamente,dramatically,
disegnare,draw,
disegno,drawing,
sognare,dream,
vestito,dress,
bere,drink,
guidare,drive,
autista,driver,
far cadere,drop,
droga,drug,
asciutto,dry,
dovuto,due,
durante,during,
polvere,dust,
dovere,duty,
ogni,each,
e-mail,e-mail,
desideroso,eager,
orecchio,ear,
presto,early,
guadagnare,earn,
guadagni,earnings,
terra,earth,
alleviare,ease,
facilmente,easily,
est,east,
orientale,eastern,
facile,easy,
mangiare,eat,
economico,economic,
economia,economics,
economista,economist,
bordo,edge,
edizione,edition,
editore,editor,
educare,educate,
formazione scolastica,education,
educativo,educational,
educatore,educator,
effetto,effect,
efficace,effective,
efficacemente,effectively,
efficienza,efficiency,
efficiente,efficient,
sforzo,effort,
uovo,egg,
otto,eight,
o,either,
anziano,elderly,
eleggere,elect,
elezione,election,
elettrico,electric,
elettricità ,electricity,
elettronico,electronic,
elemento,element,
elementare,elementary,
eliminare,eliminate,
elite,elite,
altro,else,
altrove,elsewhere,
abbraccio,embrace,
emergere,emerge,
emergenza,emergency,
emissione,emission,
emozione,emotion,
emotivo,emotional,
enfasi,emphasis,
enfatizzare,emphasize,
impiegare,employ,
datore di lavoro,employer,
occupazione,employment,
vuoto,empty,
abilitare,enable,
incontrare,encounter,
incoraggiare,encourage,
fine,end,
nemico,enemy,
energia,energy,
rinforzo,enforcement,
impegnare,engage,
motore,engine,
ingegnere,engineer,
ingegneria,engineering,
inglese,english,
accrescere,enhance,
godere,enjoy,
enorme,enormous,
abbastanza,enough,
garantire,ensure,
accedere,enter,
impresa,enterprise,
divertimento,entertainment,
intero,entire,
interamente,entirely,
entrata,entrance,
iscrizione,entry,
ambiente,environment,
ambientale,environmental,
episodio,episode,
pari,equal,
ugualmente,equally,
attrezzatura,equipment,
era,era,
errore,error,
fuga,escape,
particolarmente,especially,
tema,essay,
essenziale,essential,
essenzialmente,essentially,
stabilire,establish,
istituzione,establishment,
tenuta,estate,
stima,estimate,
eccetera,etc,
etica,ethics,
etnico,ethnic,
europeo,european,
sera,evening,
evento,event,
infine,eventually,
mai,ever,
ogni giorno,everyday,
qualunque cosa,everything,
ovunque,everywhere,
prova,evidence,
evoluzione,evolution,
evolvere,evolve,
esatto,exact,
esattamente,exactly,
visita medica,examination,
esaminare,examine,
esempio,example,
superare,exceed,
eccellente,excellent,
tranne,except,
eccezione,exception,
scambio,exchange,
eccitante,exciting,
esecutivo,executive,
esercizio,exercise,
mostra,exhibit,
esposizione,exhibition,
esistere,exist,
esistenza,existence,
esistente,existing,
espandere,expand,
espansione,expansion,
aspettarsi,expect,
aspettativa,expectation,
spese,expense,
costoso,expensive,
esperienza,experience,
sperimentare,experiment,
esperto,expert,
spiegare,explain,
spiegazione,explanation,
esplodere,explode,
esplorare,explore,
esplosione,explosion,
esporre,expose,
esprimere,express,
espressione,expression,
estendere,extend,
estensione,extension,
esteso,extensive,
esterno,external,
extra,extra,
straordinario,extraordinary,
estremo,extreme,
estremamente,extremely,
occhio,eye,
tessuto,fabric,
viso,face,
servizio, struttura,facility
fatto,fact,
fattore,factor,
fabbrica,factory,
facoltà ,faculty,
dissolvenza,fade,
fallire,fail,
fallimento,failure,
giusto,fair,
fede,faith,
autunno,fall,
falso,FALSE,
familiare,familiar,
famiglia,family,
famoso,famous,
fan,fan,
fantasia,fantasy,
azienda agricola,farm,
contadino,farmer,
moda,fashion,
veloce,fast,
grasso,fat,
destino,fate,
padre,father,
favore,favor,
preferito,favorite,
paura,fear,
federale,federal,
tassa,fee,
alimentazione,feed,
sentire,feel,
sensazione,feeling,
compagno,fellow,
femmina,female,
recinto,fence,
pochi,few,
meno,fewer,
fibra,fiber,
finzione,fiction,
quindici,fifteen,
quinto,fifth,
cinquanta,fifty,
combattimento,fight,
combattente,fighter,
figura,figure,
file,file,
riempire,fill,
film,film,
finale,final,
finalmente,finally,
finanza,finance,
finanziario,financial,
trova,find,
dito,finger,
finire,finish,
fuoco,fire,
primo,first,
pesce,fish,
pesca,fishing,
in forma,fit,
fitness,fitness,
cinque,five,
fissare,fix,
bandiera,flag,
fiamma,flame,
gusto,flavor,
fuggire,flee,
carne,flesh,
volo,flight,
galleggiante,float,
pavimento,floor,
flusso,flow,
fiore,flower,
volare,fly,
messa a fuoco,focus,
popolare,folk,
seguire,follow,
a seguire,following,
cibo,food,
piede,foot,
calcio,football,
per,for,
vigore,force,
straniero,foreign,
foresta,forest,
per sempre,forever,
dimenticare,forget,
modulo,form,
formale,formal,
formazione,formation,
ex,former,
formula,formula,
via,forth,
fortuna,fortune,
inoltrare,forward,
trovato,found,
fondazione,foundation,
fondatore,founder,
quattro,four,
il quarto,fourth,
telaio,frame,
struttura,framework,
gratuito,free,
la libertà ,freedom,
congelare,freeze,
francese,french,
frequenza,frequency,
frequente,frequent,
frequentemente,frequently,
fresco,fresh,
amico,friend,
amichevole,friendly,
amicizia,friendship,
a partire dal,from,
davanti,front,
frutta,fruit,
frustrazione,frustration,
carburante,fuel,
pieno,full,
funzione,function,
fondo,fund,
fondamentale,fundamental,
finanziamento,funding,
funerale,funeral,
divertente,funny,
mobilia,furniture,
futuro,future,
guadagno,gain,
galassia,galaxy,
galleria,gallery,
gioco,game,
banda,gang,
divario,gap,
box auto,garage,
giardino,garden,
aglio,garlic,
gas,gas,
cancello,gate,
gay,gay,
sguardo,gaze,
ingranaggio,gear,
genere,gender,
gene,gene,
generale,general,
generalmente,generally,
generazione,generation,
genetico,genetic,
signore,gentleman,
delicatamente,gently,
tedesco,german,
gesto,gesture,
ottenere,get,
fantasma,ghost,
gigante,giant,
regalo,gift,
dotato,gifted,
ragazza,girl,
fidanzata,girlfriend,
dare,give,
dato,given,
lieto,glad,
occhiata,glance,
bicchiere,glass,
guanto,glove,
partire,go,
obbiettivo,goal,
dio,god,
oro,gold,
d'oro,golden,
golf,golf,
governo,government,
governatore,governor,
afferrare,grab,
gradualmente,gradually,
diplomato,graduate,
grano,grain,
nonno,grandfather,
nonna,grandmother,
concedere,grant,
erba,grass,
tomba,grave,
grigio,gray,
più grande,greatest,
verde,green,
drogheria,grocery,
gruppo,group,
crescere,grow,
in crescita,growing,
crescita,growth,
garanzia,guarantee,
guardia,guard,
indovina,guess,
ospite,guest,
guida,guide,
orientamento,guideline,
colpevole,guilty,
pistola,gun,
tipo,guy,
abitudine,habit,
habitat,habitat,
capelli,hair,
metà ,half,
sala,hall,
mano,hand,
manciata,handful,
maniglia,handle,
appendere,hang,
accadere,happen,
questo,this,
mio,my,
uomo,man,
contento,happy,
cappello,hat,
odiare,hate,
avere,have,
lui,he,
titolo,headline,
quartier generale,headquarters,
salute,health,
salutare,healthy,
udito,hearing,
cuore,heart,
calore,heat,
paradiso,heaven,
pesantemente,heavily,
pesante,heavy,
tacco,heel,
altezza,height,
elicottero,helicopter,
inferno,hell,
ciao,hello,
utile,helpful,
sua,her,
qui,here,
eredità ,heritage,
eroe,hero,
se stessa,herself,
hey,hey,
nascondere,hide,
alto,high,
evidenziare,highlight,
altamente,highly,
autostrada,highway,
collina,hill,
lui stesso,himself,
anca,hip,
il suo,his,
storico,historian,
storia,history,
colpire,hit,
tenere,hold,
buco,hole,
vacanza,holiday,
santo,holy,
casa,home,
senza casa,homeless,
onesto,honest,
miele,honey,
onore,honor,
speranza,hope,
orizzonte,horizon,
orrore,horror,
cavallo,horse,
ospedale,hospital,
caldo,hot,
hotel,hotel,
ora,hour,
alloggiamento,housing,
però,however,
umano,human,
umorismo,humor,
centinaio,hundred,
affamato,hungry,
cacciatore,hunter,
a caccia,hunting,
marito,husband,
ipotesi,hypothesis,
io,i,
ghiaccio,ice,
idea,idea,
ideale,ideal,
identificazione,identification,
identificare,identify,
identità ,identity,
vale a dire,ie,
se,if,
ignorare,ignore,
malato,ill,
illegale,illegal,
illustrare,illustrate,
immagine,image,
immaginazione,imagination,
immaginare,imagine,
immediato,immediate,
subito,immediately,
immigrante,immigrant,
immigrazione,immigration,
urto,impact,
strumento,implement,
coinvolgimento,implication,
implicare,imply,
importanza,importance,
importante,important,
imporre,impose,
impossibile,impossible,
impressionare,impress,
impressione,impression,
impressionante,impressive,
migliorare,improve,
miglioramento,improvement,
nel,in,
incentivo,incentive,
includere,include,
compreso,including,
reddito,income,
incorporare,incorporate,
aumentare,increase,
è aumentato,increased,
crescente,increasing,
sempre più,increasingly,
incredibile,incredible,
infatti,indeed,
indipendenza,independence,
indipendente,independent,
indice,index,
indiano,indian,
indicare,indicate,
indicazione,indication,
individuale,individual,
industriale,industrial,
industria,industry,
infantile,infant,
infezione,infection,
inflazione,inflation,
influenza,influence,
far sapere,inform,
informazione,information,
ingrediente,ingredient,
iniziale,initial,
inizialmente,initially,
iniziativa,initiative,
ferita,injury,
interno,inner,
innocente,innocent,
inchiesta,inquiry,
dentro,inside,
intuizione,insight,
insistere,insist,
ispirare,inspire,
installare,install,
anziché,instead,
istituzionale,institutional,
istruzione,instruction,
istruttore,instructor,
assicurazione,insurance,
intellettuale,intellectual,
intelligenza,intelligence,
avere intenzione,intend,
intenso,intense,
intensità ,intensity,
intenzione,intention,
interazione,interaction,
interesse,interest,
interessato,interested,
interessante,interesting,
internazionale,international,
internet,internet,
interpretare,interpret,
interpretazione,interpretation,
intervento,intervention,
colloquio,interview,
in,into,
introdurre,introduce,
introduzione,introduction,
invasione,invasion,
investire,invest,
indagare,investigate,
indagine,investigation,
investigatore,investigator,
investimento,investment,
investitore,investor,
invitare,invite,
coinvolgere,involve,
coinvolti,involved,
iracheno,iraqi,
irlandesi,irish,
ferro,iron,
islamico,islamic,
isola,island,
israeliano,israeli,
problema,issue,
esso,it,
italiano,italian,
suo,its,
si,itself,
giacca,jacket,
prigione,jail,
giapponese,japanese,
jet,jet,
ebreo,jew,
ebraico,jewish,
aderire,join,
scherzo,joke,
rivista,journal,
giornalista,journalist,
viaggio,journey,
gioia,joy,
giudice,judge,
giudizio,judgment,
succo,juice,
saltare,jump,
junior,junior,
giuria,jury,
giustizia,justice,
giustificare,justify,
conservare,keep,
chiave,key,
uccidere,kill,
uccisore,killer,
uccisione,killing,
re,king,
bacio,kiss,
cucina,kitchen,
ginocchio,knee,
coltello,knife,
conoscere,know,
conoscenza,knowledge,
laboratorio,lab,
etichetta,label,
mancanza,lack,
signora,lady,
lago,lake,
paesaggio,landscape,
linguaggio,language,
giro,lap,
in gran parte,largely,
scorso,last,
in ritardo,late,
latino,latin,
quest'ultimo,latter,
ridere,laugh,
legge,law,
prato,lawn,
posare,lay,
strato,layer,
condurre,lead,
principale,leading,
foglia,leaf,
lega,league,
magro,lean,
imparare,learn,
apprendimento,learning,
pelle,leather,
sinistra,left,
gamba,leg,
legale,legal,
leggenda,legend,
legislazione,legislation,
legittimo,legitimate,
limone,lemon,
lunghezza,length,
di meno,less,
lezione,lesson,
lettera,letter,
livello,level,
liberale,liberal,
biblioteca,library,
licenza,license,
menzogna,lie,
vita,life,
stile di vita,lifestyle,
tutta la vita,lifetime,
sollevamento,lift,
luce,light,
piace,like,
probabile,likely,
limite,limit,
limitazione,limitation,
limitato,limited,
linea,line,
collegamento,link,
labbro,lip,
elenco,list,
ascolta,listen,
letteralmente,literally,
letterario,literary,
letteratura,literature,
poco,little,
vivere,live,
vivente,living,
caricare,load,
prestito,loan,
locale,local,
posizione,location,
serratura,lock,
lungo termine,long-term,
guarda,look,
sciolto,loose,
perdere,lose,
perdita,loss,
perso,lost,
lotto,lot,
molte,lots,
forte,loud,
amore,love,
bello,lovely,
amante,lover,
basso,low,
inferiore,lower,
fortunato,lucky,
pranzo,lunch,
polmone,lung,
macchina,machine,
posta,mail,
principalmente,mainly,
mantenere,maintain,
manutenzione,maintenance,
maggiore,major,
maggioranza,majority,
rendere,make,
creatore,maker,
trucco,makeup,
maschio,male,
centro commerciale,mall,
gestire,manage,
gestione,management,
manager,manager,
maniera,manner,
fabbricante,manufacturer,
produzione,manufacturing,
molti,many,
carta geografica,map,
margine,margin,
marchio,mark,
mercato,market,
marketing,marketing,
matrimonio,marriage,
sposato,married,
sposare,marry,
maschera,mask,
massa,mass,
massiccio,massive,
maestro,master,
incontro,match,
materiale,material,
matematica,math,
importa,matter,
potrebbe,may,
può essere,maybe,
sindaco,mayor,
me,me,
pasto,meal,
significare,mean,
senso,meaning,
nel frattempo,meanwhile,
misurare,measure,
misurazione,measurement,
meccanismo,mechanism,
medicazione,medication,
medicina,medicine,
medio,medium,
membro,member,
membri,membership,
memoria,memory,
mentale,mental,
menu,menu,
semplice,mere,
semplicemente,merely,
pasticcio,mess,
messaggio,message,
metallo,metal,
metro,meter,
metodo,method,
messicano,mexican,
mezzo,middle,
militare,military,
latte,milk,
milione,million,
mente,mind,
il mio,mine,
ministro,minister,
minore,minor,
minoranza,minority,
minuto,minute,
miracolo,miracle,
specchio,mirror,
missile,missile,
missione,mission,
sbaglio,mistake,
mescolare,mix,
miscela,mixture,
mm-hmm,mm-hmm,
modalità ,mode,
modello,model,
moderare,moderate,
moderno,modern,
modesto,modest,
mamma,mom,
momento,moment,
i soldi,money,
tenere sotto controllo,monitor,
mese,month,
umore,mood,
luna,moon,
morale,moral,
di più,more,
mattina,morning,
mutuo,mortgage,
maggior parte,most,
soprattutto,mostly,
madre,mother,
movimento,motion,
motivazione,motivation,
il motore,motor,
montare,mount,
montagna,mountain,
topo,mouse,
bocca,mouth,
mossa,move,
sig,mr,
sig.ra,mrs,
signorina,ms,
tanto,much,
multiplo,multiple,
omicidio,murder,
muscolo,muscle,
museo,museum,
musica,music,
musicale,musical,
musicista,musician,
musulmano,muslim,
reciproco,mutual,
rad,rad,
me stessa,myself,
mistero,mystery,
mito,myth,
nudo,naked,
nome,name,
narrazione,narrative,
stretto,narrow,
nazionale,national,
nativo,native,
naturale,natural,
naturalmente,naturally,
natura,nature,
nelle vicinanze,nearby,
necessariamente,necessarily,
necessario,necessary,
collo,neck,
bisogno,need,
negativo,negative,
negoziare,negotiate,
trattativa,negotiation,
vicino di casa,neighbor,
né,neither,
nervo,nerve,
nervoso,nervous,
netto,net,
rete,network,
tuttavia,nevertheless,
nuovo,new,
recentemente,newly,
notizia,news,
giornale,newspaper,
il prossimo,next,
simpatico,nice,
notte,night,
nove,nine,
no,no,
cenno,nod,
rumore,noise,
nomina,nomination,
nessuna,none,
ciò nonostante,nonetheless,
normale,normal,
normalmente,normally,
nord,north,
settentrionale,northern,
naso,nose,
non,not,
nota,note,
niente,nothing,
avviso,notice,
nozione,notion,
romanzo,novel,
adesso,now,
da nessuna parte,nowhere,
nucleare,nuclear,
numero,number,
numerose,numerous,
infermiera,nurse,
noce,nut,
oggetto,object,
obbligo,obligation,
osservazione,observation,
osservare,observe,
osservatore,observer,
evidente,obvious,
ovviamente,obviously,
occasione,occasion,
di tanto in tanto,occasionally,
occupare,occupy,
si verificano,occur,
oceano,ocean,
dispari,odd,
probabilità ,odds,
offesa,offense,
offensivo,offensive,
offrire,offer,
ufficio,office,
ufficiale,officer,
spesso,often,
oh,oh,
olio,oil,
ok,ok,
va bene,okay,
vecchio,old,
olimpico,olympic,
una volta,once,
uno,one,
in corso,ongoing,
cipolla,onion,
in linea,online,
aperto,open,
apertura,opening,
operare,operate,
operativo,operating,
operazione,operation,
operatore,operator,
opinione,opinion,
avversario,opponent,
opporsi,oppose,
di fronte,opposite,
opposizione,opposition,
opzione,option,
arancia,orange,
ordine,order,
ordinario,ordinary,
organizzazione,organization,
origine,origin,
originale,original,
originariamente,originally,
altri,others,
altrimenti,otherwise,
nostro,our,
noi stessi,ourselves,
risultato,outcome,
al di fuori,outside,
forno,oven,
al di sopra di,over,
complessivamente,overall,
trascurare,overlook,
proprio,own,
proprietario,owner,
ritmo,pace,
pacco,pack,
pacchetto,package,
pagina,page,
dolore,pain,
doloroso,painful,
dipingere,paint,
pittore,painter,
pittura,painting,
paio,pair,
pallido,pale,
palestinese,palestinian,
palma,palm,
pan,pan,
pannello,panel,
ansimare,pant,
genitore,parent,
parco,park,
parcheggio,parking,
parte,part,
partecipante,participant,
partecipare,participate,
partecipazione,participation,
particolare,particular,
in parte,partly,
festa,party,
passaggio,pass,
passeggeri,passenger,
passione,passion,
passato,past,
toppa,patch,
sentiero,path,
paziente,patient,
pausa,pause,
pagare,pay,
pagamento,payment,
pc,pc,
pace,peace,
picco,peak,
pena,penalty,
persone,people,
pepe,pepper,
percepire,perceive,
percentuale,percentage,
percezione,perception,
perfezionare,perfect,
perfettamente,perfectly,
eseguire,perform,
prestazione,performance,
forse,perhaps,
periodo,period,
permanente,permanent,
autorizzazione,permission,
permesso,permit,
persona,person,
personale,personal,
personalità ,personality,
personalmente,personally,
prospettiva,perspective,
persuadere,persuade,
animale domestico,pet,
fase,phase,
fenomeno,phenomenon,
filosofia,philosophy,
telefono,phone,
foto,photo,
fotografia,photograph,
fotografo,photographer,
frase,phrase,
fisico,physical,
fisicamente,physically,
pianoforte,piano,
pezzo,piece,
mucchio,pile,
pilota,pilot,
pino,pine,
rosa,pink,
tubo,pipe,
intonazione,pitch,
posto,place,
piano,plan,
pianeta,planet,
pianificazione,planning,
pianta,plant,
plastica,plastic,
piattaforma,platform,
giocare,play,
giocatore,player,
per favore,please,
piacere,pleasure,
abbondanza,plenty,
tracciare,plot,
pm,pm,
tasca,pocket,
poesia,poem,
poeta,poet,
punto,point,
polo,pole,
polizia,police,
politica,policy,
politico,political,
politicamente,politically,
sondaggio,poll,
inquinamento,pollution,
piscina,pool,
povero,poor,
pop,pop,
popolazione,population,
veranda,porch,
porzione,portion,
ritratto,portrait,
ritrarre,portray,
posa,pose,
positivo,positive,
possedere,possess,
possibilità ,possibility,
possibile,possible,
possibilmente,possibly,
inviare,post,
pentola,pot,
patata,potato,
potenziale,potential,
potenzialmente,potentially,
libbra,pound,
versare,pour,
povertà ,poverty,
potente,powerful,
pratico,practical,
pratica,practice,
pregare,pray,
preghiera,prayer,
precisamente,precisely,
predire,predict,
preferire,prefer,
preferenza,preference,
gravidanza,pregnancy,
incinta,pregnant,
preparazione,preparation,
preparare,prepare,
prescrizione,prescription,
presenza,presence,
presente,present,
presentazione,presentation,
conserva,preserve,
presidenziale,presidential,
stampa,press,
pressione,pressure,
fingere,pretend,
bella,pretty,
impedire,prevent,
precedente,previous,
in precedenza,previously,
prezzo,price,
orgoglio,pride,
sacerdote,priest,
in primis,primarily,
primario,primary,
principio,principle,
stampare,print,
priorità ,priority,
prigioniero,prisoner,
vita privata,privacy,
privato,private,
probabilmente,probably,
procedura,procedure,
procedere,proceed,
processi,process,
produrre,produce,
produttore,producer,
prodotto,product,
professione,profession,
professionale,professional,
professore,professor,
profilo,profile,
profitto,profit,
programma,program,
progresso,progress,
progetto,project,
prominente,prominent,
promettere,promise,
promuovere,promote,
corretto,proper,
propriamente,properly,
proprietà ,property,
proporzione,proportion,
proposta,proposal,
proporre,propose,
proposto,proposed,
accusatore,prosecutor,
proteggere,protect,
protezione,protection,
proteina,protein,
protesta,protest,
orgoglioso,proud,
fornire,provide,
fornitore,provider,
provincia,province,
fornitura,provision,
psicologico,psychological,
psicologo,psychologist,
psicologia,psychology,
pubblicazione,publication,
pubblicamente,publicly,
pubblicare,publish,
tirare,pull,
punizione,punishment,
acquista,purchase,
puro,pure,
perseguire,pursue,
spingere,push,
mettere,put,
qualificarsi,qualify,
qualità ,quality,
trimestre,quarter,
terzino,quarterback,
domanda,question,
velocemente,quickly,
silenzioso,quiet,
tranquillamente,quietly,
smettere,quit,
citazione,quote,
gara,race,
razziale,racial,
radicale,radical,
radio,radio,
rotaia,rail,
pioggia,rain,
gamma,range,
rango,rank,
rapido,rapid,
rapidamente,rapidly,
raro,rare,
raramente,rarely,
vota,rate,
piuttosto,rather,
rapporto,ratio,
crudo,raw,
reagire,react,
reazione,reaction,
leggere,read,
lettore,reader,
lettura,reading,
pronto,ready,
vero,real,
realtà ,reality,
rendersi conto,realize,
veramente,really,
ragionare,reason,
ragionevole,reasonable,
richiamare,recall,
ricevere,receive,
recente,recent,
ricetta,recipe,
riconoscimento,recognition,
raccomandare,recommend,
raccomandazione,recommendation,
disco,record,
recuperare,recover,
recupero,recovery,
recluta,recruit,
rosso,red,
ridurre,reduce,
riduzione,reduction,
fare riferimento,refer,
riferimento,reference,
riflettere,reflect,
riflessione,reflection,
riforma,reform,
profugo,refugee,
rifiuto,refuse,
considerare,regard,
per quanto riguarda,regarding,
senza riguardo,regardless,
regime,regime,
regione,region,
regionale,regional,
registrare,register,
regolarmente,regularly,
regolamento,regulation,
rafforzare,reinforce,
rifiutare,reject,
riferirsi,relate,
relazione,relation,
parente,relative,
relativamente,relatively,
rilassare,relax,
pertinente,relevant,
sollievo,relief,
religione,religion,
religioso,religious,
fare affidamento,rely,
rimanere,remain,
rimanente,remaining,
notevole,remarkable,
ricorda,remember,
ricordare,remind,
a distanza,remote,
rimuovere,remove,
ripetere,repeat,
ripetutamente,repeatedly,
sostituire,replace,
rispondere,reply,
reporter,reporter,
rappresentazione,representation,
rappresentante,representative,
repubblicano,republican,
reputazione,reputation,
richiedere,require,
requisiti,requirement,
ricerca,research,
ricercatore,researcher,
somigliare,resemble,
prenotazione,reservation,
residente,resident,
resistere,resist,
resistenza,resistance,
risoluzione,resolution,
risolvere,resolve,
ricorrere,resort,
risorsa,resource,
rispetto,respect,
convenuto,respondent,
responsabilità ,responsibility,
responsabile,responsible,
riposo,rest,
ristorante,restaurant,
ristabilire,restore,
restrizione,restriction,
andare in pensione,retire,
la pensione,retirement,
ritorno,return,
svelare,reveal,
revisione,review,
rivoluzione,revolution,
riso,rice,
ricco,rich,
liberare,rid,
fucile,rifle,
destra,right,
squillare,ring,
salire,rise,
rischio,risk,
fiume,river,
strada,road,
roccia,rock,
ruolo,role,
rotolo,roll,
romantico,romantic,
tetto,roof,
radice,root,
corda,rope,
ruvido,rough,
approssimativamente,roughly,
il giro,round,
itinerario,route,
routine,routine,
riga,row,
strofinare,rub,
regola,rule,
correre,run,
in esecuzione,running,
rurale,rural,
corsa,rush,
russo,russian,
sacro,sacred,
triste,sad,
sicuro,safe,
sicurezza,safety,
insalata,salad,
stipendio,salary,
saldi,sale,
i saldi,sales,
sale,salt,
stesso,same,
sanzione,sanction,
sabbia,sand,
satellitare,satellite,
soddisfazione,satisfaction,
salsa,sauce,
salvare,save,
salvataggio,saving,
dire,say,
scala,scale,
scandalo,scandal,
scenario,scenario,
scena,scene,
schema,scheme,
studioso,scholar,
borsa di studio,scholarship,
scuola,school,
scienza,science,
scientifico,scientific,
scienziato,scientist,
urlare,scream,
schermo,screen,
copione,script,
mare,sea,
stagione,season,
posto a sedere,seat,
segreto,secret,
segretario,secretary,
sezione,section,
settore,sector,
vedere,see,
seme,seed,
cercare,seek,
sembrare,seem,
segmento,segment,
sequestrare,seize,
selezionare,select,
selezione,selection,
se stesso,self,
vendere,sell,
senato,senate,
senatore,senator,
sensibile,sensitive,
condanna, frase,sentence
separato,separate,
sequenza,sequence,
serie,series,
grave,serious,
sul serio,seriously,
servire,serve,
servizio,service,
sessione,session,
impostato,set,
ambientazione,setting,
cassapanca,settle,
insediamento,settlement,
sette,seven,
parecchi,several,
sesso,sex,
sessuale,sexual,
ombra,shade,
scuotere,shake,
deve,shall,
forma,shape,
condividere,share,
acuto,sharp,
lei,she,
foglio,sheet,
mensola,shelf,
conchiglia,shell,
riparo,shelter,
cambio,shift,
splendere,shine,
nave,ship,
camicia,shirt,
merda,shit,
shock,shock,
scarpa,shoe,
sparare,shoot,
tiro,shooting,
negozio,shop,
shopping,shopping,
riva,shore,
corto,short,
in breve,shortly,
dovrebbero,should,
spalla,shoulder,
grido,shout,
mostrare,show,
doccia,shower,
alzata di spalle,shrug,
chiuso,shut,
lato,side,
sospiro,sigh,
vista,sight,
cartello,sign,
segnale,signal,
significato,significance,
significativo,significant,
in modo significativo,significantly,
silenzio,silence,
argento,silver,
simile,similar,
allo stesso modo,similarly,
peccato,sin,
da,since,
cantare,sing,
cantante,singer,
singolo,single,
lavello,sink,
sorella,sister,
sedersi,sit,
situazione,situation,
sei,six,
taglia,size,
sciare,ski,
abilità ,skill,
cielo,sky,
schiavo,slave,
dormire,sleep,
fetta,slice,
diapositiva,slide,
leggero,slight,
leggermente,slightly,
scivolare,slip,
lento,slow,
lentamente,slowly,
piccolo,small,
inteligente,smart,
odore,smell,
sorriso, sorridere,smile
fumo,smoke,
liscio,smooth,
schiocco,snap,
la neve,snow,
così,so,
cosiddetto,so-called,
sociale,social,
morbido,soft,
software,software,
suolo,soil,
solare,solar,
soldato,soldier,
solido,solid,
soluzione,solution,
alcuni,some,
qualcuno,somebody,
in qualche modo,somehow,
qualcosa,something,
qualche volta,sometimes,
da qualche parte,somewhere,
figlio,son,
canzone,song,
sofisticato,sophisticated,
spiacente,sorry,
ordinare,sort,
anima,soul,
suono,sound,
la minestra,soup,
fonte,source,
sud,south,
meridionale,southern,
sovietico,soviet,
spazio,space,
spagnolo,spanish,
parlare,speak,
altoparlante,speaker,
speciale,special,
specialista,specialist,
specie,species,
specifico,specific,
specificamente,specifically,
velocità ,speed,
trascorrere,spend,
la spesa,spending,
rotazione,spin,
spirito,spirit,
spirituale,spiritual,
diviso,split,
portavoce,spokesman,
sport,sport,
diffusione,spread,
primavera,spring,
piazza,square,
spremere,squeeze,
stabilità ,stability,
stabile,stable,
palcoscenico,stage,
puntata,stake,
stare in piedi,stand,
standard,standard,
in piedi,standing,
stella,star,
stato,state,
dichiarazione,statement,
stazione,station,
statistica,statistics,
restare,stay,
rubare,steal,
acciaio,steel,
passo,step,
bastone,stick,
agitare,stir,
stomaco,stomach,
pietra,stone,
fermare,stop,
conservazione,storage,
memorizzare,store,
tempesta,storm,
dritto,straight,
strano,strange,
sconosciuto,stranger,
strategico,strategic,
strategia,strategy,
ruscello,stream,
forza,strength,
stress,stress,
allungare,stretch,
sciopero,strike,
stringa,string,
striscia,strip,
ictus,stroke,
fortemente,strongly,
lotta,struggle,
alunno,student,
studio,studio,
studia,study,
cose,stuff,
stupido,stupid,
stile,style,
soggetto,subject,
sottoscrivi,submit,
successivo,subsequent,
sostanza,substance,
sostanziale,substantial,
avere successo,succeed,
successo,success,
riuscito,successful,
con successo,successfully,
improvviso,sudden,
ad un tratto,suddenly,
citare in giudizio,sue,
soffrire,suffer,
sufficiente,sufficient,
zucchero,sugar,
suggerire,suggest,
suggerimento,suggestion,
suicidio,suicide,
completo da uomo,suit,
estate,summer,
vertice,summit,
sole,sun,
super,super,
supporto,support,
sostenitore,supporter,
supporre,suppose,
ipotetico,supposed,
supremo,supreme,
superficie,surface,
chirurgia,surgery,
sorpresa,surprise,
sorpreso,surprised,
sorprendente,surprising,
sorprendentemente,surprisingly,
circondare,surround,
sopravvivenza,survival,
sopravvivere,survive,
sopravvissuto,survivor,
sospettare,suspect,
sostenere,sustain,
giurare,swear,
spazzare,sweep,
dolce,sweet,
nuotare,swim,
swing,swing,
interruttore,switch,
simbolo,symbol,
sintomo,symptom,
sistema,system,
tavolo,table,
cucchiaio,tablespoon,
tattica,tactic,
coda,tail,
prendere,take,
racconto,tale,
talento,talent,
carro armato,tank,
rubinetto,tap,
nastro,tape,
bersaglio,target,
compito,task,
imposta,tax,
contribuente,taxpayer,
tè,tea,
insegnare,teach,
insegnante,teacher,
insegnamento,teaching,
squadra,team,
lacrima,tear,
cucchiaino,teaspoon,
tecnico,technical,
tecnica,technique,
tecnologia,technology,
telescopio,telescope,
televisione,television,
raccontare,tell,
temperatura,temperature,
temporaneo,temporary,
dieci,ten,
tendere,tend,
tendenza,tendency,
tennis,tennis,
tensione,tension,
tenda,tent,
termine,term,
condizioni,terms,
territorio,territory,
terrore,terror,
terrorismo,terrorism,
terrorista,terrorist,
test,test,
testimoniare,testify,
testimonianza,testimony,
testo,text,
grazie,thank,
quello,that,
il,the,
teatro,theater,
loro,their,
loro stessi,themselves,
poi,then,
teoria,theory,
terapia,therapy,
là ,there,
perciò,therefore,
questi,these,
essi,they,
di spessore,thick,
cosa,thing,
pensare,think,
pensiero,thinking,
terzo,third,
trenta,thirty,
su,up,
quelli,those,
anche se,though,
mille,thousand,
minaccia,threat,
minacciare,threaten,
tre,three,
gola,throat,
per tutto,throughout,
gettare,throw,
biglietto,ticket,
cravatta,tie,
tempo,time,
minuscolo,tiny,
mancia,tip,
pneumatico,tire,
stanco,tired,
fazzoletto di carta,tissue,
tabacco,tobacco,
oggi,today,
dito del piede,toe,
insieme,together,
pomodoro,tomato,
domani,tomorrow,
tono,tone,
lingua,tongue,
stasera,tonight,
pure,too,
dente,tooth,
superiore,top,
argomento,topic,
scossa,toss,
totale,total,
totalmente,totally,
toccare,touch,
turista,tourist,
torneo,tournament,
verso,toward,
in direzione,towards,
torre,tower,
cittadina,town,
giocattolo,toy,
commercio,trade,
tradizione,tradition,
tradizionale,traditional,
traffico,traffic,
tragedia,tragedy,
pista,trail,
treno,train,
trasferimento,transfer,
trasformare,transform,
trasformazione,transformation,
transizione,transition,
tradurre,translate,
mezzi di trasporto,transportation,
trattare,treat,
trattamento,treatment,
trattato,treaty,
albero,tree,
tribù,tribe,
truppe,troop,
guaio,trouble,
camion,truck,
verità ,truth,
provare,try,
tunnel,tunnel,
turno,turn,
tv,tv,
dodici,twelve,
venti,twenty,
due volte,twice,
gemello,twin,
due,two,
tipico,typical,
tipicamente,typically,
brutto,ugly,
in definitiva,ultimately,
incapace,unable,
zio,uncle,
subire,undergo,
capire,understand,
comprensione,understanding,
sfortunatamente,unfortunately,
uniforme,uniform,
unione,union,
unico,unique,
unità ,unit,
unito,united,
universale,universal,
universo,universe,
salvo che,unless,
diversamente da,unlike,
improbabile,unlikely,
fino a,until,
insolito,unusual,
urbano,urban,
sollecitare,urge,
noi,us,
uso,use,
usato,used,
utente,user,
solito,usual,
utilità ,utility,
valle,valley,
prezioso,valuable,
valore,value,
variabile,variable,
variazione,variation,
varietà ,variety,
vario,various,
variare,vary,
vasto,vast,
verdura,vegetable,
veicolo,vehicle,
avventurarsi,venture,
versione,version,
molto,very,
veterano,veteran,
vittima,victim,
vittoria,victory,
video,video,
spettatore,viewer,
villaggio,village,
violare,violate,
violazione,violation,
violenza,violence,
violento,violent,
virtù,virtue,
virus,virus,
visibile,visible,
visione,vision,
visita,visit,
visitatore,visitor,
visivo,visual,
vitale,vital,
voce,voice,
volume,volume,
volontario,volunteer,
votazione,vote,
elettore,voter,
vs,vs,
vulnerabile,vulnerable,
salario,wage,
aspettare,wait,
svegliare,wake,
camminare,walk,
parete,wall,
vagare,wander,
volere,want,
guerra,war,
avvisare,warn,
avvertimento,warning,
lavaggio,wash,
acqua,water,
onda,wave,
modo,way,
debole,weak,
ricchezza,wealth,
arma,weapon,
indossare,wear,
tempo metereologico,weather,
nozze,wedding,
settimana,week,
fine settimana,weekend,
settimanalmente,weekly,
pesare,weigh,
peso,weight,
benvenuto,welcome,
benessere,welfare,
meravigliarsi,wonder,
che cosa,what,
ovest,west,
occidentale,western,
bagnato,wet,
ciò che è,what's,
ruota,wheel,
quando,when,
ogni volta,whenever,
dove,where,
mentre,whereas,
quale,which,
sussurro,whisper,
bianca,white,
chi,who,
di chi,whose,
largo,wide,
ampiamente,widely,
molto diffuso,widespread,
moglie,wife,
selvaggio,wild,
volontà ,will,
disposto,willing,
vincere,win,
vento,wind,
finestra,window,
vino,wine,
ala,wing,
vincitore,winner,
inverno,winter,
pulire,wipe,
filo,wire,
saggezza,wisdom,
saggio,wise,
con,with,
ritirarsi,withdraw,
entro,within,
senza,without,
testimone,witness,
donna,woman,
lavoro,work,
meraviglioso,wonderful,
legna,wood,
di legno,wooden,
parola,word,
lavoratore,worker,
lavori,works,
mondo,world,
preoccupato,worried,
di valore,worth,
voluto,would,
avvolgere,wrap,
scrivi,write,
scrittore,writer,
scrittura,writing,
sbagliato,wrong,
cortile,yard,
anno,year,
urlo,yell,
giallo,yellow,
sì,yes,
ieri,yesterday,
dare la precedenza,yield,
tu,you,
giovane,young,
il tuo,your,
te stesso,yourself,
gioventù,youth,
zona,zone,
